,ZINC ID,Global Rank∗,Clustered Rank†,Energy,TC to knowns‡,Cosest neighbor among known DRD4 binders,Top-pick or not,Just from energy window,Energy window,Tested or not,Binder or not,D4 Ki(nM),D2 Ki(nM),D3 Ki(nM),cAMP EC50(nM),Inhibition (%) at 10uM,SMILES,Vendor ID,Charge from docked poses
0,ZINC000191583186,1,1,-75.5,0.3,ZINC000028347504,0,1,-75,1,1,1390,3860,1730,NT||,82.48,Cc1ccc(C[C@@H](CO)N[C@@H](C)CCc2ccccc2[N+](=O)[O-])cc1,Z1804039468,1
1,ZINC000159533726,2,2,-73.67,0.33,ZINC000103232405,0,1,-75,1,0,,,,NT,2.68,C[C@H](C(=O)Nc1cc([N+](=O)[O-])ccc1Cl)N(C)C[C@@H]1CCC[C@@H]1O,Z1514931360,1
2,ZINC000151228439,3,4,-73.47,0.34,ZINC000053274848,0,1,-75,1,0,,,,NT,17.5,C[C@@H](NC[C@](C)(O)c1ccccc1)c1cn(-c2ccccc2)nn1,Z1419817479,1
3,ZINC000291023493,5,5,-72.95,0.31,ZINC000028363497,0,1,-75,1,0,,,,NT,-10.33,C[C@H](Nc1cc(-n2cccn2)nc(N)n1)[C@H](c1ccccc1)N(C)C,Z2179794811,2
4,ZINC000593577820,7,7,-72.5,0.35,ZINC000036216606,0,1,-75,1,0,,,,NT,11.48,COC(=O)C[C@H]1CSCCN1Cc1cn(-c2cccc(C)c2)nc1C,Z2480456501,1
5,ZINC000642686331,9,9,-72.22,0.29,ZINC000028827117,0,1,-75,1,0,,,,NT,15.21,Clc1ccccc1-c1cc(CN2CCC[C@H]2Cn2cncn2)no1,Z2365642388,1
6,ZINC000378200657,10,10,-72.21,0.3,ZINC000013794104,0,1,-75,1,0,,,,NT,-5.76,c1ncn(C[C@@H]2CCCN2Cc2cc(-c3ccccc3)cs2)n1,Z1473314968,1
7,ZINC000293604393,13,13,-71.7,0.33,ZINC000000403011,0,1,-75,1,0,,,,NT,16.59,C[C@@H](CCc1ccccc1F)N[C@@H](CC(N)=O)c1ccccc1,Z2227129087,1
8,ZINC000365834982,15,15,-71.66,0.35,ZINC000028707233,0,1,-75,1,0,,,,NT,-0.08,C[C@H](C(=O)Nc1cccc2ccccc21)N1CC[C@@](O)(C2CC2)C1,Z1903389042,1
9,ZINC000640099740,16,16,-71.55,0.26,ZINC000059854288,0,1,-75,1,0,,,,NT,-4.08,Cc1sc2nc(CN3CC[C@H](O)[C@H]4CCCC[C@@H]43)nc(O)c2c1C,Z2839510280,1
10,ZINC000495211316,17,17,-71.48,0.36,ZINC000035075447,0,1,-75,1,0,,,,NT,11.99,CC[C@]1(O)CCN(CC(=O)NCc2ccc(F)cc2C(F)(F)F)C1,Z1745851673,1
11,ZINC000367970677,18,18,-71.47,0.32,ZINC000013436895,1,1,-75,1,0,,,,NT,44.4,Cc1ccccc1-n1cc(CN[C@@H]2Cc3ccccc3[C@@H]2O)nn1,Z2146502828,1
12,ZINC000155613934,19,19,-71.46,0.32,ZINC000026260255,0,1,-75,1,0,,,,NT,2.54,CC(C)OC(=O)[C@H](C)N(C)C[C@H](O)Cc1ccccc1C(F)(F)F,Z1498542289,1
13,ZINC000488230856,24,21,-71.18,0.31,ZINC000029549416,0,1,-75,1,0,,,,NT,43.75,CCC1CCC(N(CCO)CC(=O)Nc2cc(F)cc(F)c2)CC1,Z1850909382,1
14,ZINC000067715288,26,22,-71.06,0.32,ZINC000028604399,1,1,-75,1,0,,,,NT,32.19,CC[C@H]1CCCCN1CC(=O)Nc1c(C#N)cnn1-c1ccccc1,Z826979232,1
15,ZINC000613759362,28,23,-70.92,0.35,ZINC000001577051,0,1,-75,1,1,3910,>10000,>10000,NT,65.77,CN(CCc1ccccc1)CC(=O)NCc1ccccc1C(F)(F)F,Z649797178,1
16,ZINC000480496068,29,24,-70.85,0.35,ZINC000034565916,0,1,-75,1,1,2950,>10000,>10000,NT,69.57,COC(=O)c1ccccc1CCN(C)CC(=O)Nc1cccc(Cl)c1,Z1731432632,1
17,ZINC000352657646,31,25,-70.79,0.29,ZINC000013864767,0,1,-75,1,0,,,,NT,-1.02,CCOC(=O)c1nc(-c2ccccc2)oc1CN(C)[C@@H]1CCC[C@@H]1O,Z2070424587,1
18,ZINC000302699560,33,26,-70.73,0.31,ZINC000012523427,0,1,-75,1,0,,,,NT,3.55,Cc1ccc(C[C@@H](CO)CNc2cc(-n3cccn3)nc(N)n2)cc1,Z1828983550,1
19,ZINC000475202287,34,27,-70.73,0.33,ZINC000028357251,0,1,-75,1,0,,,,NT,24.86,OC[C@H](Cc1ccc(F)cc1)NCc1ccc(Cl)cc1-n1cncn1,Z1950598555,1
20,ZINC000521570499,35,28,-70.54,0.35,ZINC000038149991,0,1,-75,1,0,,,,NT,-20.18,Cc1cccc(C)c1NC(=O)CNC(=O)[C@@H](C)N[C@@H]1CCC[C@@H]2C[C@@H]21,Z2313639980,1
21,ZINC000080960073,37,29,-70.48,0.34,ZINC000035075413,0,1,-75,1,0,,,,NT,3.01,C[C@@H](NC(=O)CN1CCC[C@H](c2ncc[nH]2)C1)c1ccc(Cl)cc1,Z1317921632,1
22,ZINC000159509070,43,32,-70.32,0.32,ZINC000034044455,0,1,-75,1,0,,,,NT,29.53,CN(CC(=O)Nc1cc(C(F)(F)F)ccc1Cl)C[C@@H]1CCC[C@@H]1O,Z1514930711,1
23,ZINC000450557088,49,35,-70.2,0.33,ZINC000028370682,1,1,-75,1,0,,,,NT,23.53,C[C@@H](c1ccccc1)[C@H](O)CN(C)CC(=O)Nc1cc(F)cc(F)c1,Z2272919879,1
24,ZINC000359552375,51,36,-70.18,0.31,ZINC000003954895,0,1,-75,1,0,,,,NT,57.3,C[C@H](C(=O)NCc1ccc(F)cc1)N1CC[C@]2(CC[C@@H](C)C2)C1,Z1641308618,1
25,ZINC000270959340,53,38,-70.14,0.32,ZINC000049071762,0,1,-75,1,0,,,,NT,6.14,CC[C@@H]1CN([C@H](C)C(=O)NCc2ccc(Cl)cc2)C[C@@H]1O,Z1535995094,1
26,ZINC000265162697,55,39,-70.12,0.33,ZINC000013738261,0,1,-75,1,0,,,,NT,7.62,COC(=O)c1cc(NC(=O)[C@@H](C)N2CC[C@H](O)C2)cc(C(=O)OC)c1,Z1205295342,1
27,ZINC000345765694,57,40,-70.04,0.31,ZINC000100908824,0,1,-75,1,0,,,,NT,-1.26,CCCNc1ccc(C#N)cc1NC(=O)CN1[C@@H](C)CC[C@@H]1C,Z1414103599,1
28,ZINC000452104081,59,41,-70.02,0.33,ZINC000034444646,0,1,-75,1,0,,,,NT,2.21,C[C@@H](C(=O)Nc1ccc(Cl)cc1C(F)(F)F)N1C[C@H](C)C[C@@H](O)C1,Z2280007038,1
29,ZINC000650720303,62,42,-69.89,0.28,ZINC000013775962,0,1,-75,1,0,,,,NT,37.33,c1ncn(-c2ccccc2CNCC[C@@H]2CCc3ccccc3N2)n1,Z2476631691,1
30,ZINC000280696398,64,44,-69.86,0.32,ZINC000002002619,1,1,-75,1,0,,,,NT,36.41,COc1cc(NC(=O)[C@@H](C2CC2)N2CCCC2)cc(-n2cccn2)c1,Z1944317319,1
31,ZINC000298731694,65,43,-69.86,0.33,ZINC000169351717,0,1,-75,1,0,,,,NT,-19.34,O=C(N[C@H](CO)CN1CCCCC1)c1cc(O)c2ccccc2n1,Z2349243802,1
32,ZINC000372295546,66,46,-69.83,0.33,ZINC000035309621,0,1,-75,1,0,,,,NT,2.57,C[C@H](C(=O)Nc1ccc(OC(F)(F)F)cc1)N1C[C@H](O)C2(CC2)C1,Z1745162463,1
33,ZINC000517755157,70,48,-69.65,0.31,ZINC000043062911,1,1,-75,1,1,5200,>10000,>10000,NT,62.81,C[C@@H](C(=O)NC(C)(C)C)N(C)Cc1cc2ccccc2n(C)c1=O,Z2493434287,1
34,ZINC000373387982,71,49,-69.63,0.3,ZINC000026998033,0,1,-75,1,1,2530,>10000,>10000,NT,68.8,OC1(CNCc2ccc(Cl)cc2-n2cncn2)Cc2ccccc2C1,Z1949610435,1
35,ZINC000619015225,74,51,-69.6,0.29,ZINC000038149991,1,1,-75,1,0,,,,NT,10.62,Cc1cccn2c(NC(=O)[C@@H](C3CC3)N3CCCC3)cnc12,Z2646256771,1
36,ZINC000284910391,80,54,-69.55,0.28,ZINC000004899178,1,1,-75,1,0,,,,NT,16.87,C[C@H](c1ncc(-c2ccc(Cl)cc2)o1)N1CC[C@@](O)(c2c[nH]nn2)C1,Z2054030519,1
37,ZINC000488256763,76,52,-69.55,0.34,ZINC000027865417,0,1,-75,1,0,,,,NT,74.48,C=C(CN[C@H](Cc1ccc(Cl)cc1)C(N)=O)c1ccccc1,Z2112201993,1
38,ZINC000480408888,119,75,-69.05,0.34,ZINC000045386690,1,0,0,1,1,400,>10000,>10000,ND§,89.34,CN(C)[C@@]1(CNC(=O)c2cnn(-c3ccc(Cl)cc3)c2)CCSC1,Z1334411778,1
39,ZINC000367447199,131,83,-68.93,0.33,ZINC000066112127,1,0,0,1,0,,,,NT,54.9,O=C(CN1CC[C@@]2(C1)CCCOC2)Nc1cccc2ccccc21,Z2045840943,1
40,ZINC000573216829,138,88,-68.86,0.35,ZINC000000019662,1,0,0,1,1,1430,>10000,>10000,32720,84.24,Cn1c2ccccc2cc(CN2CC[C@@H]2Cc2ccccc2)c1=O,Z2493180004,1
41,ZINC000130532671,139,89,-68.84,0.3,ZINC000013864767,1,0,0,1,1,320,>10000,>10000,IC50 = 10810,88.77,CCOC(=O)c1nn(-c2ccccc2)cc1CN(C)[C@@H]1CCSC1,Z1563054354,1
42,ZINC000176752603,149,92,-68.76,0.3,ZINC000045358767,1,0,0,1,1,300,>10000,>10000,ND,98.25,O[C@]1(CNCc2cnn(-c3ccc(Br)cc3)c2)CCSC1,Z1328630600,1
43,ZINC000185084297,148,93,-68.76,0.28,ZINC000013471798,1,0,0,1,0,,,,NT,-5.75,C[C@@H](N[C@@H]1Cc2ccccc2[C@@H]1O)c1nc(-c2cccc(F)c2)no1,Z1668299951,1
44,ZINC000343213239,212,128,-68.29,0.33,ZINC000053230219,1,0,0,1,0,,,,NT,64.06,CN(CC(=O)NCCc1csc2ccccc12)[C@@H]1CCSC1,Z1545973023,1
45,ZINC000155719879,221,132,-68.23,0.31,ZINC000101008525,1,0,0,1,1,460,>10000,>10000,7160,90.67,Cc1cc(C(=O)N[C@@H]2CN(C(C)C)C[C@@H]2C)cc([N+](=O)[O-])c1,Z1401696974,1
46,ZINC000566176942,240,144,-68.14,0.35,ZINC000013779413,1,0,0,1,0,,,,NT,45.66,C[C@H](C(=O)Nc1ccc(Cl)cn1)N1CC[C@@H](c2cccnc2)C1,Z2437523428,1
47,ZINC000117348217,278,158,-67.93,0.33,ZINC000036276693,0,1,-68,1,0,,,,NT,0.05,CC(C)[C@H]1CCCCN1Cc1nc2sc3c(c2c(=O)[nH]1)CCC3,Z1223122416,1
48,ZINC000377646411,279,161,-67.93,0.28,ZINC000013863616,0,1,-68,1,0,,,,NT,-0.18,CCOC(=O)c1cnn(C)c1NC(=O)CN1CC[C@@](CO)(C(C)C)C1,Z2169715495,1
49,ZINC000135539613,283,162,-67.92,0.33,ZINC000028370634,0,1,-68,1,0,,,,NT,11.92,O=C(CN1CCS[C@H]2COCC[C@@H]21)Nc1ccc(Br)cc1,Z1447379720,1
50,ZINC000289915250,281,163,-67.92,0.3,ZINC000027421571,1,1,-68,1,0,,,,NT,-2.38,Cc1ccccc1-n1cc(CNC[C@@](C)(O)c2ccsc2)nn1,Z2146519895,1
51,ZINC000332615244,301,173,-67.83,0.33,ZINC000027561312,0,1,-68,1,0,,,,NT,-7.44,C[C@@H]1CCCN(C(C)(C)CNC(=O)[C@@H](O)Cc2ccccc2)C1,Z1950535053,1
52,ZINC000304720724,314,179,-67.76,0.32,ZINC000000022989,0,1,-68,1,0,,,,NT,21.53,CN(CCO)Cc1cn(-c2ccccc2)nc1-c1cccs1,Z1337742410,1
53,ZINC000547642529,317,180,-67.76,0.34,ZINC000040877139,0,1,-68,1,0,,,,NT,3.31,Clc1ccc(-n2cc(CN[C@@H]3CCn4ccnc4C3)nn2)c(Cl)c1,Z1745208515,1
54,ZINC000112857579,325,185,-67.71,0.33,ZINC000040898183,0,1,-68,1,0,,,,NT,-10.97,CC(C)[C@@H](C(=O)N[C@H](C)c1nc2ccccc2[nH]1)N1CCCCC1,Z1190760943,1
55,ZINC000451479054,329,187,-67.7,0.31,ZINC000013579687,1,1,-68,1,0,,,,NT,7.31,CC1(C)[C@H](NCC(=O)Nc2ccc([N+](=O)[O-])cc2Cl)[C@H]2CCCO[C@H]21,Z2277618957,1
56,ZINC000609540377,327,186,-67.7,0.34,ZINC000004117522,1,1,-68,1,1,3850,>10000,>10000,NT,66.85,C[C@H](C(=O)Nc1cccc([N+](=O)[O-])c1)N1CC[C@@H](c2ccco2)C1,Z1176603086,1
57,ZINC000298433681,337,189,-67.66,0.36,ZINC000095605322,0,1,-68,1,0,,,,NT,7.65,CC(C)COC[C@H](O)CN(C)CC(=O)Nc1cccc(Cl)c1,Z382759268,1
58,ZINC000355327118,338,190,-67.66,0.32,ZINC000027561312,1,1,-68,1,0,,,,NT,56.28,CN1CCCC(C)(C)[C@H]1CNC(=O)c1cnnc(-c2ccccc2)c1,Z2174536426,1
59,ZINC000267294321,354,197,-67.59,0.36,ZINC000001107787,0,1,-68,1,0,,,,NT,-1.32,C[C@H](C(=O)Nc1ccc2ccccc2c1)N1CC[C@](C)(O)C1,Z1337919840,1
60,ZINC000375299581,355,198,-67.59,0.32,ZINC000001035440,0,1,-68,1,1,180,>10000,>10000,ND,92.06,C#CCOc1ccccc1CN1CC[C@@]2(C1)C(=O)Nc1ccccc12,Z1748285449,1
61,ZINC000247477468,359,200,-67.58,0.25,ZINC000027710267,0,1,-68,1,0,,,,NT,-15.31,C[C@H](C(=O)c1c(N)n(C)c(=O)n(C)c1=O)N1C[C@@H]2CCC[C@H]2C1,Z3149326498,1
62,ZINC000681711644,361,201,-67.56,0.32,ZINC000038149975,0,1,-68,1,0,,,,NT,-5.63,CCc1ccccc1NC(=O)CNC(=O)CN1CC[C@H]2CCC[C@H]21,Z1745775357,1
63,ZINC000615622500,368,204,-67.51,0.34,ZINC000071316579,0,1,-68,1,1,150,>10000,5400,ND,99.52,CN(C)[C@@H](CNC(=O)NC[C@H]1Cc2ccccc21)Cc1ccccc1,Z747080334,1
64,ZINC000248536951,376,205,-67.47,0.26,ZINC000013738277,0,1,-68,1,0,,,,NT,-1.32,C[C@H](C(=O)Nc1sc2c(c1C#N)CCC2)N1CC[C@H]([C@H](C)O)C1,Z1629350929,1
65,ZINC000245899191,386,210,-67.44,0.36,ZINC000004131974,0,1,-68,1,0,,,,NT,65.34,COc1ccc(NC(=O)CN[C@H]2[C@H](C)CCC[C@@H]2C)c([N+](=O)[O-])c1,Z1592552596,1
66,ZINC000375310940,385,211,-67.44,0.32,ZINC000034104858,0,1,-68,1,0,,,,NT,19.79,Cc1ccccc1NC(=O)CN1CC[C@@]2(C1)c1ccccc1NC2=O,Z1745248131,1
67,ZINC000631235817,390,212,-67.42,0.3,ZINC000000021403,0,1,-68,1,1,3570,>10000,>10000,NT,62.75,C[C@](CO)(Cc1ccccc1F)NCc1cn2cc(Cl)ccc2n1,Z2770316700,1
68,ZINC000179028195,400,215,-67.4,0.28,ZINC000026992736,1,1,-68,1,0,,,,NT,86.88,O[C@]1(CNCc2cn(-c3ccccc3)nc2-c2cccs2)CCOC1,Z1514294981,1
69,ZINC000368074394,396,214,-67.4,0.26,ZINC000087666871,0,1,-68,1,0,,,,NT,-19.24,C[C@H]1CC[C@@]2(CCN(CC(=O)c3c(N)n(C)c(=O)n(C)c3=O)C2)C1,Z1641307935,1
70,ZINC000279624908,409,217,-67.37,0.32,ZINC000006717470,0,1,-68,1,1,4210,>10000,>10000,NT,73.47,CC(=O)N1CCC[C@H](CN[C@@H](C)CCc2ccccc2[N+](=O)[O-])C1,Z1951266260,1
71,ZINC000561217259,410,220,-67.37,0.34,ZINC000043062911,0,1,-68,1,1,8090,>10000,>10000,NT,61.4,Cn1c2ccccc2cc(CNC(=O)N[C@H](CN)C2CCCC2)c1=O,Z2363007561,1
72,ZINC000594511648,416,222,-67.33,0.32,ZINC000100908813,0,1,-68,1,0,,,,NT,43.14,C[C@H](CN[C@@H](C)CCc1ccccc1[N+](=O)[O-])C(=O)OC(C)(C)C,Z2504848829,1
73,ZINC000525237972,418,224,-67.32,0.33,ZINC000005760515,0,1,-68,1,1,5910,>10000,>10000,NT,51.42,C[C@H](C(=O)Nc1ccc(O)c2ccccc12)N1CCCCCC1,Z1279229380,1
74,ZINC000247398558,420,225,-67.31,0.35,ZINC000028707233,0,1,-68,1,1,210,>10000,>10000,ND,107.83,CC(C)N1C[C@H](C)[C@H](NC(=O)c2cccc3cc[nH]c32)C1,Z1401959241,1
75,ZINC000421039533,419,226,-67.31,0.35,ZINC000100832062,0,1,-68,1,0,,,,NT,89.54,Cc1ccc(NC(=O)[C@H](C)N2CCC[C@H](CCO)CC2)cc1C,Z2371262427,1
76,ZINC000366646246,422,227,-67.3,0.28,ZINC000028821720,0,1,-68,1,0,,,,NT,11.25,COC(=O)c1c(C)[nH]c(C(=O)[C@@H](C)N2C[C@H](O)C3(CC3)C2)c1C,Z1745150824,1
77,ZINC000251658325,430,231,-67.27,0.35,ZINC000013443458,0,1,-68,1,0,,,,NT,28.46,CC[C@H](C)CN(CC)[C@H](C)C(=O)Nc1cccc(C#N)c1,Z1547554570,1
78,ZINC000331412478,428,232,-67.27,0.32,ZINC000027198108,0,1,-68,1,0,,,,NT,4.32,C[C@]1(O)CCN(CC(=O)NC[C@@H]2Cc3ccccc3O2)C1,Z1337920823,1
79,ZINC000535316507,427,233,-67.27,0.32,ZINC000013470092,0,1,-68,1,0,,,,NT,28.8,Cn1ccnc1[C@@H]1CCN(Cc2cn3ccccc3c2C#N)C1,Z1523145497,1
80,ZINC000080960915,439,236,-67.25,0.36,ZINC000029046380,0,1,-68,1,0,,,,NT,-3.68,COc1ccccc1CNC(=O)[C@H](C)N1CCC[C@H](c2ncc[nH]2)C1,Z1317921926,1
81,ZINC000459715279,435,234,-67.25,0.32,ZINC000028821367,1,1,-68,1,0,,,,NT,20.22,Cc1cccc(CNC(=O)CN2CC3(CCC3)[C@H]3COC[C@@H]32)c1,Z2313332276,1
82,ZINC000601953994,440,235,-67.25,0.32,ZINC000000838761,0,1,-68,1,1,980,>10000,>10000,ND,88.6,N#Cc1ccnc(SC[C@]2(O)CCN(Cc3ccccc3)C2)c1,Z2790223890,1
83,ZINC000348555593,442,238,-67.24,0.3,ZINC000013814483,0,1,-68,1,1,2720,>10000,>10000,NT,53,CN(Cc1cn(-c2ccc(Cl)cc2Cl)nn1)[C@H]1CCC[C@H]1O,Z2163938616,1
84,ZINC000640028109,483,255,-67.16,0.29,ZINC000028370634,1,0,0,1,1,810,>10000,>10000,ND,43.08,O=C(CN1C[C@@H](O)C[C@@H]1C1CC1)Nc1ccc(Br)cc1,Z2839008466,1
85,ZINC000466408491,509,274,-67.07,0.27,ZINC000089774816,1,0,0,1,1,3920,4780,5430,265,94.4,OC[C@@H](CNCc1cn2cc(Cl)ccc2n1)CC1CCCC1,Z1984566469,1
86,ZINC000374410673,587,298,-66.9,0.33,ZINC000013756895,1,0,0,1,0,,,,NT,7.98,C[C@H](C(=O)Nc1cc([N+](=O)[O-])ccc1Cl)N1CC[C@H]([C@@H]2CCOC2)C1,Z1493895578,1
87,ZINC000023991615,605,307,-66.86,0.36,ZINC000027650342,1,0,0,1,0,,,,NT,6.31,CCCCN(C)[C@@H](C)C(=O)Nc1cc([N+](=O)[O-])ccc1OC,Z44505175,1
88,ZINC000362430581,614,310,-66.85,0.33,ZINC000028568605,1,0,0,1,0,,,,NT,32.25,C[C@H](C(=O)NCc1ccccc1Cl)N1C[C@H](C)[C@H](C)C1,Z1366536140,1
89,ZINC000425345543,610,311,-66.85,0.36,ZINC000014982453,1,0,0,1,1,2540,>10000,>10000,31550,85.8,COc1cc(NC(=O)CN[C@@H]2CC[C@@H](C)[C@H](C)C2)cc(OC)c1,Z2411792777,1
90,ZINC000651686924,619,317,-66.84,0.34,ZINC000036216606,1,0,0,1,1,2570,>10000,>10000,21490,75.7,Cc1nn(-c2cccc(C)c2)cc1CN[C@@H]1c2ccccc2C[C@@H]1O,Z2480567996,1
91,ZINC000450226409,658,333,-66.74,0.33,ZINC000001249433,1,0,0,1,0,,,,NT,24.3,C[C@@H](c1ccccc1)[C@H](O)CN(C)Cc1ccccc1[N+](=O)[O-],Z2271106779,1
92,ZINC000661656736,715,355,-66.61,0.34,ZINC000035075446,1,0,0,1,0,,,,NT,31.4,C[C@H](C(=O)Nc1cccc(C(F)(F)F)c1)N(C)CC1=CCCOC1,Z2603602852,1
93,ZINC000271789537,716,356,-66.6,0.32,ZINC000013724936,1,0,0,1,0,,,,NT,4.78,C[C@@H](NCC1(O)CCOCC1)c1cccc(N2CCCC2)c1,Z1591431532,1
94,ZINC000368226385,770,379,-66.51,0.33,ZINC000028015089,1,0,0,1,1,1170,>10000,>10000,NT,71.18,C[C@H](NCc1c[nH]c(-c2ccc(Cl)cc2)n1)[C@H]1CCCO1,Z1667410498,1
95,ZINC000497495625,794,388,-66.48,0.33,ZINC000022941341,1,0,0,1,0,,,,NT,59.39,Cc1ccsc1CNC(=O)CN1CCC[C@H]1C1CCCC1,Z740036892,1
96,ZINC000072898724,808,392,-66.45,0.29,ZINC000038320550,1,0,0,1,0,,,,NT,1.06,CC(=O)c1ccc(NC(=O)[C@@H](C)N2CCC3(C2)CCOCC3)cc1,Z1301343957,1
97,ZINC000610680867,864,412,-66.34,0.27,ZINC000038149975,1,0,0,1,0,,,,NT,13.4,CCc1ccccc1NC(=O)CN(C)CCn1c(C)ncc1[N+](=O)[O-],Z139871014,1
98,ZINC000293543779,882,420,-66.3,0.31,ZINC000013553234,1,0,0,1,1,1210,>10000,>10000,133,88.56,C[C@H]1CN(C2CC2)C[C@H]1NC(=O)c1cnc2c(F)ccc(F)c2c1,Z2222961075,1
99,ZINC000357551804,937,438,-66.22,0.33,ZINC000012356447,1,0,0,1,0,,,,NT,39.11,CC[C@H]1CC[C@H](C)N1CC(=O)NCCc1cccc2cccnc21,Z1580077626,1
100,ZINC000639558608,946,443,-66.2,0.29,ZINC000028707267,1,0,0,1,0,,,,NT,22.18,C[C@H](c1nnc(-c2ccc3ccccc3c2)o1)N1C[C@@H](C)[C@@H](O)C1,Z2834881319,1
101,ZINC000562713783,1045,481,-66.04,0.34,ZINC000013862867,1,0,0,1,0,,,,NT,41.37,O=S(=O)(N[C@@H]1CCN(C2CCCC2)C1)c1cc2cc(F)ccc2o1,Z2276205003,1
102,ZINC000135488461,1064,487,-66.01,0.34,ZINC000028259401,1,0,0,1,0,,,,NT,47.51,CSC[C@H]1CCCN1CC(=O)Nc1ccc(C(C)=O)cc1,Z1447348305,1
103,ZINC000154146881,1090,504,-65.97,0.33,ZINC000006036825,1,0,0,1,0,,,,NT,18.13,COc1ccc(CNC(=O)CN(C)[C@H]2CCSC2)c(OC)c1,Z1525036225,1
104,ZINC000419278537,1095,502,-65.97,0.32,ZINC000013491639,1,0,0,1,1,1130,>10000,>10000,ND,81.25,CC[C@]1(O)CCN(Cc2cc(-c3ccccc3Cl)on2)C1,Z2365760507,1
105,ZINC000290372608,1134,519,-65.94,0.34,ZINC000072104754,1,0,0,1,0,,,,NT,58.69,O[C@H]1c2ccccc2OC[C@@H]1NC1CC(c2ccccc2)C1,Z2149135950,1
106,ZINC000377628890,1162,532,-65.9,0.36,ZINC000026265994,1,0,0,1,0,,,,NT,48.56,COc1cccc(CNC2CC(c3cccc(C)c3)C2)c1O,Z2164731569,1
107,ZINC000591068587,1236,571,-65.8,0.31,ZINC000027562854,1,0,0,1,0,,,,NT,43.46,CCN1C[C@H](C)[C@H](NC(=O)[C@@H]2C[C@H]2c2ccc([N+](=O)[O-])cc2)C1,Z2331318993,1
108,ZINC000609076791,1246,572,-65.79,0.33,ZINC000000057519,1,0,0,1,1,330,>10000,>10000,31540,79.58,Cc1ccc(C(=O)NC[C@@H](C)N2CCCC2)cc1I,Z1092199852,1
109,ZINC000374072306,1257,580,-65.77,0.32,ZINC000027993019,1,0,0,1,0,,,,NT,2.49,O[C@@H]1CCCC[C@H]1[C@@H]1CCCN1Cc1nnc(-c2ccccc2)o1,Z1990109449,1
110,ZINC000572302473,1259,577,-65.77,0.29,ZINC000049071382,1,0,0,1,1,910,>10000,>10000,ND,90.99,CC1(C)CCN(CC(=O)NC[C@@H]2CCC[C@H]2C2CC2)C1,Z2500087700,1
111,ZINC000639585864,1253,579,-65.77,0.3,ZINC000001662344,1,0,0,1,0,,,,NT,-5.76,CN(Cc1nnc(-c2cccc3ccccc32)o1)CC1(O)CCC1,Z2835233372,1
112,ZINC000412694364,1281,589,-65.74,0.36,ZINC000013447125,1,0,0,1,0,,,,NT,17.02,C[C@H]1CN(C(=O)c2cnn(CCF)c2)CCN1Cc1ccccc1,Z2335198815,1
113,ZINC000657699696,1295,593,-65.73,0.32,ZINC000036216606,1,0,0,1,0,,,,NT,34.83,Cc1nn(-c2ccccc2Cl)cc1CNCC(O)(C1CC1)C1CC1,Z2590770874,1
114,ZINC000453018295,1345,608,-65.68,0.33,ZINC000072110125,1,0,0,1,0,,,,NT,43.16,O[C@H](Cc1ccc2ccccc2c1)CN1C[C@]2(CCCO2)[C@H]1C1CC1,Z2285364751,1
115,ZINC000592181028,1397,629,-65.63,0.32,ZINC000038149990,1,0,0,1,0,,,,NT,23.42,C[C@@H]1CC2(CN1CC(=O)Nc1cc(Cl)ccc1C#N)CCOCC2,Z2438290746,1
116,ZINC000433256163,1410,635,-65.61,0.36,ZINC000038149994,1,0,0,1,1,2440,>10000,>10000,ND,77.35,CSc1cccc(NC(=O)[C@H](C)N2CC3(CCC3)C[C@H]2C)c1,Z1873052831,1
117,ZINC000277343296,1419,638,-65.6,0.34,ZINC000034893375,1,0,0,1,1,4070,>10000,>10000,NT,66.08,O[C@]1(CNC2CC(c3cccc(Br)c3)C2)CCSC1,Z1870781655,1
118,ZINC000488122558,1467,653,-65.55,0.33,ZINC000013730129,1,0,0,1,0,,,,NT,54.69,C[C@@H]1CN(Cc2cncc(OCc3ccccc3)c2)C[C@@H]1O,Z1902699411,1
119,ZINC000363675222,1475,660,-65.54,0.35,ZINC000045254338,1,0,0,1,0,,,,NT,56.54,CO[C@H]1CCCN([C@@H](C)C(=O)Nc2ccc(C#N)c(Cl)c2)CC1,Z1646683241,1
120,ZINC000655736376,1526,684,-65.48,0.35,ZINC000036216606,1,0,0,1,0,,,,NT,83.77,CCC(CC)[C@@H](O)CNCc1cn(-c2ccc(C)cc2)nc1C,Z2504661091,1
121,ZINC000657852679,1641,719,-65.37,0.3,ZINC000013862652,1,0,0,1,1,3460,>10000,>10000,NT,76.53,O=C(CN[C@@H]1CCCSCC1)Nc1ccc(Br)cc1,Z2591064247,1
122,ZINC000595834230,1666,728,-65.35,0.33,ZINC000064504069,1,0,0,1,0,,,,NT,53.79,CCOC(=O)c1nc(-c2ccccc2)oc1CN1CCC2(COC2)C1,Z2604817908,1
123,ZINC000268141382,1692,734,-65.33,0.3,ZINC000101008525,1,0,0,1,1,560,>10000,>10000,9930,93.37,C[C@H]1CN(C2CC2)C[C@H]1NC(=O)c1cc2cc([N+](=O)[O-])ccc2s1,Z1410749252,1
124,ZINC000270061995,1741,754,-65.28,0.35,ZINC000101369510,1,0,0,1,0,,,,NT,39.59,O[C@@]1(CNCc2cn(-c3ccc(F)cc3Cl)nn2)CCSC1,Z1517988300,1
125,ZINC000246954730,1795,779,-65.23,0.3,ZINC000013782149,1,0,0,1,0,,,,NT,63.23,Cc1cccc(NC(=O)[C@H](C)N2CC[C@H]3OCCC[C@H]3C2)c1C,Z1449968309,1
126,ZINC000450352542,1811,784,-65.22,0.33,ZINC000100803071,1,0,0,1,0,,,,NT,42.43,C[C@H]1C[C@@H](Nc2ncnc3cc(Br)ccc32)CCN1C,Z2271904223,1
127,ZINC000617989628,1921,824,-65.13,0.35,ZINC000028396991,1,0,0,1,0,,,,NT,39.45,CN(CC(=O)Nc1ccc2ccn(C(F)F)c2c1)[C@H]1CCSC1,Z2644559410,1
128,ZINC000343998070,1959,844,-65.1,0.31,ZINC000027441619,1,0,0,1,0,,,,NT,44.69,Fc1ccc(-c2ccc(CN3CCC[C@H]3Cn3ccnn3)o2)cc1,Z2053249534,1
129,ZINC000485951008,2103,899,-64.99,0.34,ZINC000045389878,1,0,0,1,0,,,,NT,65.77,Fc1ccc2[nH]c(=NCc3cn(-c4ccc(F)c(Cl)c4)nn3)[nH]c2c1,Z1900595998,1
130,ZINC000451895384,2128,905,-64.97,0.29,ZINC000013560131,1,0,0,1,0,,,,NT,31.11,Cc1ccc(NC(=O)[C@H](C)N2CCC[C@]3(CCOC3)C2)c(Cl)c1,Z2279151136,1
131,ZINC000366649577,2198,927,-64.92,0.33,ZINC000013799185,1,0,0,1,0,,,,NT,44.75,Cc1ccc(CNC(=O)CN2CC[C@@H]([C@@H]3CCOC3)C2)cc1,Z1493885863,1
132,ZINC000464771011,2242,937,-64.89,0.32,ZINC000038149992,1,0,0,1,1,140,>10000,>10000,10.42,99.66,CCS[C@H]1CC[C@@H](N(C)CC(=O)Nc2ccc(C)c(C)c2)C1,Z1301097637,1
133,ZINC000413396487,2274,947,-64.87,0.25,ZINC000038480598,1,0,0,1,0,,,,NT,51.17,Cc1cccc2nc(NCC3(N4CCOCC4)CCOCC3)sc21,Z2347934289,1
134,ZINC000451982669,2275,948,-64.87,0.33,ZINC000028347504,1,0,0,1,0,,,,NT,8.39,C[C@@H](C(=O)Nc1cccc([N+](=O)[O-])c1)N1CCC[C@]2(CCSC2)C1,Z2279494368,1
135,ZINC000128927868,2319,962,-64.83,0.33,ZINC000015443139,1,0,0,1,0,,,,NT,19.81,O=C(Nc1nccc2sccc21)[C@H](C1CC1)N1CCCC1,Z1690908088,1
136,ZINC000344040091,2331,963,-64.83,0.32,ZINC000102177922,1,0,0,1,0,,,,NT,-8.92,Cc1cc2cc(CNC(=O)CN3[C@@H](C)CC[C@@H]3C)ccc2[nH]1,Z2095163389,1
137,ZINC000360021487,2369,983,-64.8,0.28,ZINC000028821761,1,0,0,1,0,,,,NT,5.02,Cc1cccc(-c2nnc([C@@H](C)N(C)CCc3ccncc3)o2)c1,Z1626070912,1
138,ZINC000369205980,2367,982,-64.8,0.36,ZINC000029392254,1,0,0,1,0,,,,NT,-5.59,N#CC1(c2ccccn2)CCN([C@@H]2Cc3ccccc3[C@@H]2O)CC1,Z2002547424,1
139,ZINC000270628406,2395,991,-64.79,0.27,ZINC000013761034,1,0,0,1,0,,,,NT,-0.59,Cc1sc2nc(CN3CCC4(C3)CCOCC4)nc(O)c2c1C,Z1534697722,1
140,ZINC000544192609,2387,985,-64.79,0.32,ZINC000045355741,1,0,0,1,0,,,,NT,14.68,Clc1ccc(-n2cc(CN[C@@H]3CC=CCC3)nn2)cc1Cl,Z1653537734,1
141,ZINC000363377421,2415,997,-64.77,0.35,ZINC000000000666,1,0,0,1,0,,,,NT,8.51,C[C@@H](NC(=O)CN1CCCOCC1)c1ccc2ccccc2c1,Z929894826,1
142,ZINC000290537631,2432,1007,-64.75,0.29,ZINC000013553234,1,0,0,1,0,,,,NT,25.35,CSCc1cccnc1C(=O)N[C@@H]1CN(C2CC2)C[C@@H]1C,Z2173853770,1
143,ZINC000649689957,2441,1006,-64.75,0.28,ZINC000013743864,1,0,0,1,1,3310,>10000,>10000,NT,66.24,CCC[C@H](C)[C@H](CO)NCc1cc(-c2ccccc2)on1,Z2473831175,1
144,ZINC000464682470,2471,1020,-64.72,0.35,ZINC000022455064,1,0,0,1,1,3460,>10000,>10000,NT,96.03,c1ccc(C[C@H]2CCN2Cc2nnc(-c3ccccc3)s2)cc1,Z1698010150,1
145,ZINC000271382349,2502,1027,-64.7,0.34,ZINC000095556478,1,0,0,1,0,,,,NT,89.82,CC[C@H]1CN(Cc2cn(-c3cccc(Cl)c3Cl)nn2)C[C@@H]1O,Z1572727380,1
146,ZINC000602586979,2578,1057,-64.65,0.28,ZINC000013809369,1,0,0,1,1,2560,>10000,>10000,NT,68.53,COC(=O)c1cc(CN(C)C[C@H]2CCCC[C@H]2O)[nH]c1C,Z2827720290,1
147,ZINC000621433143(diastereomeric mixture),1352,611,-65.67,0.33,ZINC000000024559,1,0,0,1,1,18.4,>10000,>10000,2.34,99.35,CC(C)N1C[C@H](C)[C@H](NC(=O)N2Cc3ccccc3[C@@H]2C)C1,Z2655386473,1
148,ZINC000527688598,2722,1110,-64.57,0.34,ZINC000032110480,1,0,0,1,0,,,,NT,20.26,OC[C@@H](C[C@H](O)c1ccccc1)NCc1ncc(Br)cc1F,Z2697663135,1
149,ZINC000563406324,2804,1144,-64.52,0.36,ZINC000027441632,1,0,0,1,0,,,,NT,51.29,O=C([C@@H]1CCCN(Cc2cccc(F)c2)C1)N1Cc2cncnc2C1,Z2499944559,1
150,ZINC000467716766,2893,1171,-64.47,0.31,ZINC000013553234,1,0,0,1,1,700,>10000,>10000,34800,87.73,C[C@H]1CN(C2CC2)C[C@H]1NC(=O)c1cc2cc(Br)ccc2o1,Z1410738100,1
151,ZINC000185158323,2914,1176,-64.46,0.26,ZINC000010450796,1,0,0,1,0,,,,NT,88.47,Cc1cccnc1/C=C/C(=O)N[C@@H]1CN(C(C)C)C[C@@H]1C,Z1675839142,1
152,ZINC000640050710,2925,1185,-64.45,0.29,ZINC000035075417,1,0,0,1,0,,,,NT,6.34,Cc1cc(C(=O)CN2C[C@H](O)C[C@H]2C2CC2)c(C)n1-c1nccs1,Z2839011211,1
153,ZINC000265066748,3050,1223,-64.39,0.29,ZINC000169333909,1,0,0,1,0,,,,NT,57.98,CN(C)C1(CNC(=O)c2csc(-c3ccc(F)cc3)n2)CCOCC1,Z1199847933,1
154,ZINC000305241084,3058,1228,-64.38,0.32,ZINC000095556427,1,0,0,1,0,,,,NT,47.56,C[C@@](O)(CNCc1cccc(-c2ccccn2)c1)c1ccco1,Z1486786114,1
155,ZINC000666614106,3110,1248,-64.36,0.32,ZINC000084758909,1,0,0,1,0,,,,NT,31.38,O=C(Nc1cc(Cl)cc(Cl)c1)N1CC[C@@H]2CCN[C@@H]2C1,Z2353975968,1
156,ZINC000488640994,3134,1254,-64.35,0.35,ZINC000101444611,1,0,0,1,0,,,,NT,9.39,CCN(C[C@H]1CCCO1)[C@H](C)C(=O)Nc1cccc(Br)c1,Z1547223961,1
157,ZINC000487844530,3343,1331,-64.24,0.3,ZINC000027754417,1,0,0,1,0,,,,NT,24.27,CC[C@H](C(=O)NC[C@@H]1SCCc2ccccc21)N(CC)CC,Z1344608339,1
158,ZINC000651262870,3342,1328,-64.24,0.32,ZINC000028087327,1,0,0,1,1,440,>10000,>10000,31040,83.6,C[C@H](CNC(=O)c1coc2ccc(Cl)cc12)N1CCCC1,Z2478722228,1
159,ZINC000407322128,3387,1344,-64.22,0.3,ZINC000028604403,1,0,0,1,0,,,,NT,10.86,Cc1nc(-c2cccc(NC(=O)[C@@H]3CC[C@H](C4CC4)N3)c2)n[nH]1,Z2488607252,1
160,ZINC000301254546,3431,1356,-64.21,0.31,ZINC000013611690,1,0,0,1,0,,,,NT,9.13,C[C@@H](CNc1nc2sccn2c1[N+](=O)[O-])N(C)Cc1ccccc1,Z1173759949,1
161,ZINC000565883300,3469,1364,-64.19,0.27,ZINC000040408131,1,0,0,1,0,,,,NT,73.18,CC(C)N1CC[C@H](CN=c2[nH]c(C(F)(F)F)c(Br)s2)C1,Z2364811680,1
162,ZINC000026473483,3594,1421,-64.13,0.27,ZINC000013813608,1,0,0,1,0,,,,NT,5.34,C[C@@H]1CCC[C@H](N(C)CC(=O)Nc2cc3c(cc2[N+](=O)[O-])OCO3)C1,Z369070746,1
163,ZINC000656264298,3583,1411,-64.13,0.29,ZINC000035075417,1,0,0,1,0,,,,NT,47.18,Cc1ccc(NC(=O)CN[C@H]2CC[C@@H](C)SC2)c(Cl)c1,Z2507250870,1
164,ZINC000177973904,3601,1423,-64.12,0.32,ZINC000064539998,1,0,0,1,0,,,,NT,31.66,Cc1cc(-n2c(C)cc(C(=O)CN3CC[C@](C)(O)C3)c2C)no1,Z1337918191,1
165,ZINC000646092836,3618,1422,-64.12,0.31,ZINC000038149993,1,0,0,1,1,3650,>10000,>10000,ND,76.17,Cc1c(Cl)cccc1NC(=O)CN[C@@H]1CCC[C@H]2C[C@H]21,Z2438270065,1
166,ZINC000275794416,3715,1458,-64.08,0.28,ZINC000014975974,1,0,0,1,0,,,,NT,45.13,CC(C)c1nnc2ccc(NC(=O)[C@@H](C3CC3)N3CCCC3)cn21,Z1784498724,1
167,ZINC000128122168,3785,1473,-64.05,0.29,ZINC000058650191,1,0,0,1,0,,,,NT,24.15,Cn1ccnc1-c1csc(NC(=O)[C@@H](C2CC2)N2CCCC2)n1,Z1677645830,1
168,ZINC000085334606,3869,1506,-64,0.34,ZINC000013775969,0,1,-64,1,1,6810,>10000,>10000,NT,71.72,O[C@@H]1Cc2ccccc2[C@@H]1NCc1ccc(-c2ccc(F)cc2)o1,Z1032584408,1
169,ZINC000253552236,3875,1507,-64,0.33,ZINC000027710267,0,1,-64,1,0,,,,NT,11.18,CC(C)N1C[C@H](C)[C@H](NC(=O)c2cc(O)nc3cc(F)ccc32)C1,Z1401961111,1
170,ZINC000290628915,3876,1508,-64,0.34,ZINC000028769956,0,1,-64,1,0,,,,NT,41.7,Cc1ncc(CN2CC[C@H](C(=O)N3CCCC3)C2)n1-c1ccccc1,Z2165221932,1
171,ZINC000337655505,3877,1505,-64,0.3,ZINC000000022988,0,1,-64,1,0,,,,NT,-32.25,CN(C)CC(=O)Nc1cc(-c2ccsc2)nn1-c1ccccc1,Z2005184360,1
172,ZINC000539926398,3880,1502,-64,0.36,ZINC000013761079,0,1,-64,1,1,3250,>10000,>10000,NT,78.45,O=C(CCc1ccc(Cl)cc1Cl)NCCN1CC=CCC1,Z1953910344,1
173,ZINC000624261462,3882,1503,-64,0.36,ZINC000013559958,0,1,-64,1,0,,,,NT,5.87,N=c1[nH]c(=N)[nH]c(=NC[C@H]2CCCC[C@@H]2c2ccccc2)[nH]1,Z2699882619,1
174,ZINC000270269326,3910,1510,-63.99,0.32,ZINC000001546255,0,1,-64,1,1,500,>10000,>10000,17.4,89.24,Clc1ccc(-n2cc(CNC[C@@H]3CCCOC3)nn2)c(Cl)c1,Z1517904876,1
175,ZINC000298424869,3897,1509,-63.99,0.33,ZINC000001481844,1,1,-64,1,0,,,,NT,40.9,CC(C)(CO)[C@@H](NCC[C@H](O)c1ccccc1)c1cccs1,Z2330244133,1
176,ZINC000451246180,3909,1511,-63.99,0.3,ZINC000013560123,0,1,-64,1,0,,,,NT,-6.84,CC1(C)OCC[C@H]1N[C@@H]1CCN(c2ccc(Cl)cc2Cl)C1=O,Z2276679182,1
177,ZINC000639821604,3905,1512,-63.99,0.33,ZINC000028604398,0,1,-64,1,0,,,,NT,40.16,CCN(CC(=O)Nc1ccc(C)cc1)[C@H]1CCN(CC(F)(F)F)C1,Z2837405489,1
178,ZINC000355145881,3942,1515,-63.98,0.34,ZINC000022939333,0,1,-64,1,0,,,,NT,11.92,CCCCn1ncc(NC(=O)[C@@H](CCC)NC(C)C)c1C,Z2119589056,1
179,ZINC000414571266,3935,1520,-63.98,0.29,ZINC000013584505,0,1,-64,1,1,6210,>10000,>10000,NT,85.54,COC(=O)c1occc1CN[C@H](C)Cc1cn(C)c2ccc(F)cc12,Z2353187698,1
180,ZINC000433175971,3934,1517,-63.98,0.27,ZINC000013760017,0,1,-64,1,0,,,,NT,-9.86,OCCN(Cc1ncc(-c2ccccc2F)o1)[C@H]1CCCSC1,Z2215548886,1
181,ZINC000277379419,3967,1521,-63.97,0.29,ZINC000035075417,1,1,-64,1,0,,,,NT,8.04,Cc1ccsc1CNC(=O)CN[C@@H]1CCOC[C@@H]1C,Z1873115279,1
182,ZINC000593910140,3945,1522,-63.97,0.35,ZINC000013813608,0,1,-64,1,0,,,,NT,-5.96,O=C(NCCc1ccccc1[N+](=O)[O-])[C@H]1CC[C@H](C2CC2)N1,Z2488638868,1
183,ZINC000625626121,3954,1524,-63.97,0.26,ZINC000035950993,1,1,-64,1,0,,,,NT,27.22,C[C@@H](c1ccc(F)c(Cl)c1)N1C[C@@H](O)[C@H](Oc2cnn(C)c2)C1,Z2705346418,1
184,ZINC000065939558,3990,1535,-63.96,0.32,ZINC000000026139,0,1,-64,1,0,,,,NT,17.1,Cc1cc(NC(=O)C(=O)N(CCN(C)C)Cc2cccc(F)c2)no1,Z909544406,1
185,ZINC000269834111,3976,1527,-63.96,0.32,ZINC000028710590,1,1,-64,1,0,,,,NT,9.3,Cc1ccc(C)c(NC(=O)[C@H](C)N2CCC[C@H]2C[C@@H](C)O)c1,Z1499112358,1
186,ZINC000431415543,3977,1532,-63.96,0.3,ZINC000034602041,0,1,-64,1,1,6370,>10000,>10000,NT,80.83,Cn1c2cc(F)ccc2[nH]c1=NCCc1nc(-c2ccccc2)n[nH]1,Z2212433034,1
187,ZINC000429250556,3994,1536,-63.95,0.32,ZINC000038149972,0,1,-64,1,0,,,,NT,1.26,Cc1ccc(C)c(NC(=O)CNC(C)(C)c2ccccc2F)c1,Z2208251366,1
188,ZINC000114729400,4031,1548,-63.94,0.35,ZINC000013861489,0,1,-64,1,0,,,,NT,22.85,CNC(=O)c1cccc(NC(=O)[C@H](C)N2CCC[C@H](C(C)C)CC2)c1,Z1208121563,1
189,ZINC000301675210,4040,1547,-63.94,0.29,ZINC000040379317,0,1,-64,1,0,,,,NT,-12.79,Nc1nc(NC[C@H]2CC(=O)Nc3ccccc32)cc(-n2cccn2)n1,Z1422134647,1
190,ZINC000437075156,4022,1542,-63.94,0.34,ZINC000028368530,0,1,-64,1,1,190,>10000,>10000,10440,95.96,C[C@H](N[C@H](CO)Cc1ccccc1)c1cc2c(s1)CCC2,Z1782568870,1
191,ZINC000641276655,4016,1545,-63.94,0.34,ZINC000028363511,0,1,-64,1,0,,,,NT,36.9,COc1cccc([C@@H](CNc2ncncc2C)N2CCCC2)c1,Z2849998389,1
192,ZINC000564047596,4054,1553,-63.93,0.33,ZINC000028526154,0,1,-64,1,0,,,,NT,72.87,COc1ccc(F)c2[nH]c(C(=O)N3CCN(c4ncc[nH]4)CC3)cc21,Z2142389546,1
193,ZINC000513544959,4081,1554,-63.92,0.34,ZINC000064549288,0,1,-64,1,0,,,,NT,-4.59,Cc1ccc(CNCC2(O)CCN(C(C)C)CC2)c(Br)c1,Z1508345878,1
194,ZINC000271207637,4083,1566,-63.91,0.32,ZINC000000019662,0,1,-64,1,0,,,,NT,-15.64,CN(Cc1cc(-c2ccccc2)ccc1O)[C@H]1CCN(C)C1=O,Z1569220529,1
195,ZINC000345017701,4091,1568,-63.91,0.31,ZINC000013862872,0,1,-64,1,0,,,,NT,7.11,COC(=O)c1occc1CNC[C@@H]1C[C@H](O)CN1Cc1ccccc1,Z1601255897,1
196,ZINC000429271342,4084,1559,-63.91,0.31,ZINC000034104858,1,1,-64,1,1,1710,>10000,>10000,NT,87.02,CC[C@H]1CCN1[C@H](C)C(=O)Nc1ccc(Br)cc1,Z2208495187,1
197,ZINC000465129598,4101,1565,-63.91,0.32,ZINC000013553234,0,1,-64,1,1,80,>10000,>10000,23.8,99.15,CC(C)N1C[C@H](C)[C@H](NC(=O)c2cc3ccc(Br)cc3[nH]2)C1,Z1401946547,1
198,ZINC000493204343,4098,1560,-63.91,0.26,ZINC000169347551,0,1,-64,1,1,2450,>10000,5890,NT,83.02,CC(C)(C)[C@@H](CN)NC(=O)/C=C/c1csc(Br)c1,Z2378691228,1
199,ZINC000564471621,4108,1562,-63.91,0.35,ZINC000013743866,0,1,-64,1,0,,,,NT,36.9,CN[C@@H](C)C(=O)NCc1cccc(-c2ccc(C)cc2)c1,Z2605962126,1
200,ZINC000626433159,4095,1569,-63.91,0.33,ZINC000000643030,0,1,-64,1,0,,,,NT,-10.74,CO[C@@H]1CCN([C@@H]2CCC[C@@H]2N(C)C(=O)Nc2ccc(C)nc2C)C1,Z2709613429,1
201,ZINC000265738616,4087,1564,-63.91,0.34,ZINC000169351232,0,1,-64,1,1,2240,>10000,>10000,NT,62.14,CS[C@@H](CO)[C@@H](C)NCc1cc(-c2ccccc2)ccc1O,Z1247492603,1
202,ZINC000131555915,4127,1574,-63.9,0.34,ZINC000028568273,0,1,-64,1,0,,,,NT,12.26,C[C@H](Cn1ncc2ccccc2c1=O)NC[C@@H]1CC=CCC1,Z1545283318,1
203,ZINC000345928153,4124,1570,-63.9,0.25,ZINC000013760584,1,1,-64,1,0,,,,NT,3.75,CC[C@H](C(=O)Nc1ccnn1CC)N(CC)CC,Z1231067375,1
204,ZINC000358789280,4115,1575,-63.9,0.29,ZINC000027101524,0,1,-64,1,0,,,,NT,-20.99,C[C@H](NCC(=O)Nc1ccccc1-c1ccccc1)c1cn[nH]c1,Z1688090881,1
205,ZINC000560268239,4131,1571,-63.9,0.28,ZINC000001642602,0,1,-64,1,1,1440,>10000,>10000,NT,88.63,N#C[C@H]1CC[C@H](NCC(=O)Nc2ccc(I)cc2)C1,Z2047381122,1
206,ZINC000599310911,4119,1573,-63.9,0.32,ZINC000040916161,0,1,-64,1,0,,,,NT,48.02,CN1CCCC[C@H]1C(=O)NCCNc1ncc(Cl)cc1Cl,Z1171691249,1
207,ZINC000068920681,4133,1578,-63.89,0.34,ZINC000013526291,1,0,0,1,0,,,,NT,43.72,Cc1ccc(/C=C/C(=O)NCC(C)(C)N2CCOCC2)cc1,Z32221718,1
208,ZINC000543431292,4192,1591,-63.87,0.32,ZINC000058576520,1,0,0,1,0,,,,NT,21.03,CCC(C)(C)N[C@H](C)C(=O)NCc1cc2ccccc2o1,Z1663678178,1
209,ZINC000362128724,4226,1615,-63.85,0.34,ZINC000013764480,1,0,0,1,1,160,8610,6040,32190,85.83,CN(CCNc1ncc(C#N)cc1Cl)Cc1ccc(F)cc1,Z1340738007,1
210,ZINC000112717206,4269,1623,-63.83,0.28,ZINC000026992736,1,0,0,1,0,,,,NT,55.9,OC1(CNCc2ccc(-c3ccccc3)s2)CCOCC1,Z1118522209,1
211,ZINC000518842964,4312,1631,-63.82,0.33,ZINC000013536463,1,0,0,1,1,120,>10000,>10000,22140,99.88,O[C@@H]1Cc2ccccc2[C@H]1NCc1cn2ccc(Br)cc2n1,Z2170526438,1
212,ZINC000271618372,4374,1655,-63.79,0.32,ZINC000038149997,1,0,0,1,0,,,,NT,21.48,CC[C@@H]1CC[C@H](C)N1CC(=O)Nc1cc(-n2nnnc2C)ccc1F,Z1580087457,1
213,ZINC000162663443,4430,1668,-63.77,0.27,ZINC000027651441,1,0,0,1,0,,,,NT,0.29,Cc1sc2nc(CN(C)[C@H]3CCSC3)[nH]c(=O)c2c1C,Z1535072789,1
214,ZINC000629994563,4468,1676,-63.76,0.3,ZINC000013742649,1,0,0,1,0,,,,NT,41.96,COc1ccc(CNC(=O)CN(C)C2CCC2)c(OC)n1,Z2727542688,1
215,ZINC000423276506,4507,1694,-63.74,0.33,ZINC000028880823,1,0,0,1,0,,,,NT,17.11,C[C@@H](NC(=O)[C@@H]1C[C@H](C)CCN1)c1noc(-c2ccc(Cl)cc2)n1,Z2377823918,1
216,ZINC000594232893,4600,1722,-63.7,0.36,ZINC000100908824,1,0,0,1,1,5530,>10000,>10000,NT,65.44,CC(C)N1C[C@H](C)[C@H](NC(=O)N2Cc3ccc(C#N)cc3C2)C1,Z2495850321,1
217,ZINC000481348051,4664,1728,-63.69,0.28,ZINC000001530751,1,0,0,1,0,,,,NT,55.78,CN(CC#Cc1ccccc1Cl)C[C@@H]1CCCC[C@H]1O,Z1616183641,1
218,ZINC000361363076,4693,1738,-63.68,0.36,ZINC000028527042,1,0,0,1,0,,,,NT,13.73,CO[C@@H]1CCN([C@H](C)C(=O)Nc2ccc(SC)cc2)C1,Z1366591546,1
219,ZINC000162847633,20578,5815,-61,0.28,ZINC000040829386,0,1,-61,1,0,,,,NT,28.36,CCCC[C@@H](CN)NC(=O)c1c(C)nn(-c2ccccc2)c1Cl,Z1457896938,1
220,ZINC000278933042,20608,5796,-61,0.27,ZINC000013737378,0,1,-61,1,1,270,>10000,>10000,40.5,91.76,C=Cn1cc(CNC[C@@H](CO)Cc2ccccc2Br)cn1,Z1897481689,1
221,ZINC000300952679,20553,5789,-61,0.34,ZINC000038149990,0,1,-61,1,0,,,,NT,54.54,Cc1ccc(I)cc1NC(=O)CNC1CC1,Z2488793930,1
222,ZINC000349908169,20567,5793,-61,0.32,ZINC000038239930,0,1,-61,1,0,,,,NT,23.55,CC(C)N(C)C[C@H](C)NC(=O)Nc1ccc(F)cc1Br,Z2167397160,1
223,ZINC000355163361,20519,5814,-61,0.32,ZINC000029549416,0,1,-61,1,0,,,,NT,18.48,CCOC(=O)c1coc(CN(CCO)C2CCC(CC)CC2)c1,Z1950603253,1
224,ZINC000364862581,20536,5800,-61,0.29,ZINC000064454016,0,1,-61,1,0,,,,NT,23.22,Cc1csc(NC(=O)C2CCN([C@H]3CCC(C)(C)C3)CC2)n1,Z1665475789,1
225,ZINC000367568545,20506,5813,-61,0.32,ZINC000026969433,0,1,-61,1,0,,,,NT,0.63,Cn1nccc1[C@@H]1CCC[C@@H](NC[C@H](CO)c2cccnc2)C1,Z2105896347,1
226,ZINC000373209847,20574,5822,-61,0.29,ZINC000027709213,0,1,-61,1,0,,,,NT,48.49,Fc1cccc(Cl)c1CCCNCc1cccnc1-n1cncn1,Z1897636626,1
227,ZINC000424406638,20543,5818,-61,0.29,ZINC000095584611,0,1,-61,1,0,,,,NT,20.49,CCCc1cc(N2C[C@@H](c3cnn(C)c3)[C@H](N)C2)n2ncnc2n1,Z2396498941,1
228,ZINC000449156693,20537,5802,-61,0.28,ZINC000026480703,0,1,-61,1,1,760,>10000,>10000,ND,83.12,CCC(CC)[C@@H](O)CNCc1cnc(-c2ccccc2F)s1,Z2259825635,1
229,ZINC000484629121,20580,5804,-61,0.3,ZINC000006117518,0,1,-61,1,1,2630,>10000,>10000,NT,53.77,CS[C@H]1CN(CC#Cc2ccccc2Cl)C[C@@H]1N1CCCC1,Z1738226609,1
230,ZINC000569143155,20532,5809,-61,0.32,ZINC000013740180,0,1,-61,1,0,,,,NT,60.6,COC(=O)c1cccc(CN2CC[C@]3(CC[C@@H](C)C3)C2)c1C#N,Z1641307278,1
231,ZINC000581277232,20512,5803,-61,0.33,ZINC000000000178,0,1,-61,1,0,,,,NT,2.37,COC(=O)c1occc1CNC[C@H](CO)c1ccccc1Cl,Z2165254445,1
232,ZINC000602819835,20504,5795,-61,0.29,ZINC000027441619,0,1,-61,1,0,,,,NT,60.8,CCOC(=O)c1ncc(CN2CCCC[C@@H]2C[C@H](C)O)s1,Z2835728465,1
233,ZINC000644617010,20598,5792,-61,0.35,ZINC000028958094,0,1,-61,1,0,,,,NT,36.93,C[C@H](NC[C@H](O)Cc1cccc(Cl)c1)[C@@H]1CCCCO1,Z2406593279,1
234,ZINC000672709877,20606,5820,-61,0.34,ZINC000029566894,0,1,-61,1,0,,,,NT,0.46,CN(C)C[C@H](NC(=O)NCCCn1cncn1)c1ccc(F)cc1,Z2108642662,1
235,ZINC000599506959,20604,5799,-61,0.3,ZINC000029206896,0,1,-61,1,0,,,,NT,20.83,CCOC(=O)C[C@H](O)CN1C[C@@H](O)[C@H](Oc2cnn(C)c2)C1,Z2705362028,1
236,ZINC000102930897,20694,5825,-60.99,0.26,ZINC000064447808,0,1,-61,1,0,,,,NT,-0.55,CCc1ccc(CNC(=O)CN2CCCC2(C)C)s1,Z1098875526,1
237,ZINC000248909028,20710,5842,-60.99,0.35,ZINC000003824081,0,1,-61,1,0,,,,NT,9.23,O=C(NC[C@@H](c1cccc(Cl)c1)N1CCCC1)NC[C@@H]1CC[C@@H](O)C1,Z1828049968,1
238,ZINC000340892636,20689,5830,-60.99,0.29,ZINC000013741365,0,1,-61,1,0,,,,NT,44.29,c1cn(-c2ccccc2)c(CN=c2[nH]c3ccccc3[nH]2)n1,Z1898133085,1
239,ZINC000363554822,20657,5838,-60.99,0.27,ZINC000100803071,0,1,-61,1,0,,,,NT,19.28,O=C1C[C@H](Nc2ncnc3[nH]ccc32)CN1[C@@H]1C[C@H]1c1ccccc1,Z1272650732,1
240,ZINC000418270293,20624,5829,-60.99,0.32,ZINC000062225398,0,1,-61,1,0,,,,NT,29.84,CC(C)C[C@@H](CN)NC(=O)NC[C@H]1CSc2ccccc21,Z2363031768,1
241,ZINC000614859831,20650,5834,-60.99,0.34,ZINC000101185512,0,1,-61,1,0,,,,NT,-6.53,CN(C)C[C@@H](CO)NC(=O)Cc1coc2ccc3ccccc3c12,Z2639379765,1
242,ZINC000657498570,20700,5826,-60.99,0.35,ZINC000028823869,0,1,-61,1,1,2430,>10000,>10000,NT,72.43,CC[C@@H](C)C[C@@H](CO)NCc1cc2c(cccc2C)[nH]1,Z2590356416,1
243,ZINC000662049949,20665,5827,-60.99,0.32,ZINC000005958016,0,1,-61,1,0,,,,NT,44.22,OC[C@@H](NCC1(O)CCSCC1)c1cccc(Cl)c1Cl,Z2604774996,1
244,ZINC000663449223,20662,5837,-60.99,0.31,ZINC000169345293,0,1,-61,1,0,,,,NT,36.33,CCc1ccc([C@@H](CNC(=O)N[C@@H]2COC(C)(C)C2)N(C)C)cc1,Z2611050662,1
245,ZINC000294513981,20742,5859,-60.98,0.31,ZINC000028087675,0,1,-61,1,1,3160,>10000,>10000,NT,58.55,CS[C@@H]1CN(C[C@@H](O)c2cc3ccccc3o2)C[C@H]1N1CCCC1,Z2218856748,1
246,ZINC000329185772,20790,5849,-60.98,0.29,ZINC000028009523,0,1,-61,1,0,,,,NT,-8.62,C[C@H]1CC[C@H](C)N1CC(O)=Nc1c[nH]nc1-c1ccccc1,Z1560090215,1
247,ZINC000358506216,20750,5857,-60.98,0.33,ZINC000013729994,0,1,-61,1,1,250,5880,6540,NT,91.45,OC[C@H](Cc1ccc(F)cc1)NCc1ccn(-c2ccccc2)n1,Z1583883329,1
248,ZINC000451439685,20713,5846,-60.98,0.29,ZINC000073197454,0,1,-61,1,0,,,,NT,-2,CCOCCCNC(=O)[C@@H](C)N1CC[C@@](O)(C(F)F)C1,Z2277422872,1
249,ZINC000488408504,20795,5848,-60.98,0.35,ZINC000032110480,0,1,-61,1,0,,,,NT,-5.43,C[C@@H](CC1CCOCC1)N[C@@H](C(N)=O)c1cccc(Br)c1,Z1951134148,1
250,ZINC000492588861,20776,5845,-60.98,0.34,ZINC000028869815,0,1,-61,1,0,,,,NT,39.55,CCc1ccc(/C=C/C(=O)NC[C@@H](C)N2CCCC2)o1,Z1690562726,1
251,ZINC000514779500,20736,5861,-60.98,0.35,ZINC000028821367,0,1,-61,1,0,,,,NT,15.28,Cc1cccc(CNC(=O)NCC2(N3CCOCC3)CCOCC2)c1,Z2302778988,1
252,ZINC000520702665,20749,5860,-60.98,0.34,ZINC000013813616,0,1,-61,1,0,,,,NT,-2.8,O=C(NC[C@@H](c1ccccc1)N1CCCC1)N1CCC(CCO)CC1,Z1143586522,1
253,ZINC000535008050,20726,5856,-60.98,0.31,ZINC000028568255,0,1,-61,1,1,3330,>10000,>10000,NT,63.96,COc1nc2ccccc2cc1CNC[C@@H](C)Cn1ccnc1C,Z1546755380,1
254,ZINC000540595123,20733,5853,-60.98,0.33,ZINC000000020240,0,1,-61,1,0,,,,NT,41.23,CCOc1cccc2cc([C@@H](C)NCC3(O)CCCCC3)oc21,Z1597804805,1
255,ZINC000567992445,20757,5854,-60.98,0.33,ZINC000029219497,0,1,-61,1,1,850,>10000,>10000,4820,66.81,CCC[C@H](C)[C@H](CO)NCCc1nc(-c2ccc(Cl)cc2)no1,Z2473832730,1
256,ZINC000630510616,20721,5855,-60.98,0.28,ZINC000013861473,0,1,-61,1,0,,,,NT,69.54,C[C@H]1CCCN(c2nccc(N3Cc4ccccc4C3)n2)[C@@H]1CN,Z2763601271,1
257,ZINC000163793821,88498,17661,-58,0.28,ZINC000139088621,0,1,-58,1,0,,,,NT,41.23,CC[C@@H](N[C@H](C)c1ccc(-c2ccccc2)o1)c1ccncc1,Z1441470757,1
258,ZINC000180191350,88644,17641,-58,0.33,ZINC000096910018,0,1,-58,1,0,,,,NT,-11.07,Cc1cccc(-c2[nH]ncc2CN2CC[C@@](C)(O)C2)c1,Z1569699287,1
259,ZINC000237938360,88726,17654,-58,0.32,ZINC000006018832,0,1,-58,1,1,180,5720,1070,NT,94.14,Cc1cccc(CCNCc2ccn(-c3ccccc3)n2)c1,Z1598439111,1
260,ZINC000280937772,88747,17684,-58,0.32,ZINC000027757316,0,1,-58,1,0,,,,NT,-0.01,COc1cc(NC(=O)C(=O)N2CC[C@@H]3CCN(C)C[C@@H]32)c(C)cc1C,Z1963386973,1
261,ZINC000281183080,88749,17675,-58,0.32,ZINC000022939279,0,1,-58,1,0,,,,NT,-13.73,CN(C)CC1(NC(=O)CCn2c3ccccc3n(C)c2=O)CCC1,Z1985406406,1
262,ZINC000331563561,88502,17671,-58,0.26,ZINC000028975388,0,1,-58,1,0,,,,NT,-11.14,Cc1nc(CNC(=O)C(=O)N2C[C@@H]3CCC[C@H](N)[C@@H]3C2)sc1C,Z2365984243,1
263,ZINC000346659834,88403,17664,-58,0.28,ZINC000019144216,0,1,-58,1,0,,,,NT,8.52,COCCN(C)c1ccc(CN=c2[nH]c3ccccc3[nH]2)cn1,Z1898131503,1
264,ZINC000348254305,88635,17644,-58,0.3,ZINC000028568621,0,1,-58,1,0,,,,NT,25.64,C[C@@H](Cn1cccn1)NC[C@@](C)(CO)c1ccccc1,Z2105801749,1
265,ZINC000363565214,88525,17685,-58,0.32,ZINC000000346678,0,1,-58,1,0,,,,NT,-1.43,CN(C(=O)CCc1nc(-c2ccc(F)cc2)no1)[C@H]1CCCN(C)C1,Z1260422475,1
266,ZINC000369112902,88753,17687,-58,0.34,ZINC000001639567,0,1,-58,1,0,,,,NT,-18.13,N[C@@H]1CN(C(=O)c2cnc(-c3ccncc3)s2)C[C@H]1c1ccccc1,Z2000905831,1
267,ZINC000370525145,88448,17636,-58,0.25,ZINC000013740180,0,1,-58,1,0,,,,NT,7.15,CC[C@H](C(N)=O)N1C[C@H](C(=O)OC)C2(CCC2)C1,Z1895002629,1
268,ZINC000370768181,88611,17686,-58,0.3,ZINC000006658183,0,1,-58,1,0,,,,NT,28.26,O=[N+]([O-])c1ccccc1/C=C/CN[C@@H]1CCCN(c2ccncn2)C1,Z1139555222,1
269,ZINC000375292554,88444,17668,-58,0.31,ZINC000026376257,0,1,-58,1,0,,,,NT,11.72,Fc1ccccc1-c1cnc(CN2CC[C@]3(C2)CCCOC3)o1,Z2045841009,1
270,ZINC000414865159,88466,17662,-58,0.32,ZINC000013581635,0,1,-58,1,0,,,,NT,48.93,CCNCc1ccccc1NCc1ccc(N2CCCC2)nc1,Z2354496472,1
271,ZINC000415558697,88592,17674,-58,0.27,ZINC000034642886,0,1,-58,1,1,990,2000,5870,NT,89,CCCC[C@H](CN)NC(=O)Nc1cnn(-c2ccc(C)cc2C)c1,Z2355798953,1
272,ZINC000422901222,88402,17657,-58,0.28,ZINC000027864607,0,1,-58,1,0,,,,NT,-25.46,CCCC[C@@H](CN)NC(=O)c1cnc2c(C)cccn2c1=O,Z2377368000,1
273,ZINC000428256950,88720,17638,-58,0.33,ZINC000013474739,0,1,-58,1,0,,,,NT,28.19,CN(CCc1cccs1)Cc1cccc(F)c1C#N,Z2206671384,1
274,ZINC000428731910,88492,17663,-58,0.31,ZINC000001481770,0,1,-58,1,0,,,,NT,17.7,C[C@]12CCN(C3c4ccccc4-c4ccccc43)C[C@H]1C2(F)F,Z2207221916,1
275,ZINC000443500799,88434,17665,-58,0.35,ZINC000002451065,0,1,-58,1,0,,,,NT,69.23,C[C@@H](COCc1ccccc1)N=c1[nH]c2cccc(F)c2n1C,Z1999989962,1
276,ZINC000447942180,88708,17656,-58,0.35,ZINC000073197403,0,1,-58,1,0,,,,NT,-5.12,Fc1ccccc1CCNCc1ccnn1-c1ccccc1,Z1930473080,1
277,ZINC000474810522,88485,17650,-58,0.33,ZINC000040829211,0,1,-58,1,1,2790,>10000,>10000,NT,61.91,C[C@@H](CN[C@@H](C)C1CCSCC1)Oc1cccc(Cl)c1,Z1747399476,1
278,ZINC000495880797,88480,17669,-58,0.34,ZINC000169327097,0,1,-58,1,0,,,,NT,-11.11,Cc1cncc([C@@H](C)N[C@@H](C)CCCNC(=O)OC(C)(C)C)c1,Z2286227716,1
279,ZINC000497056051,88549,17676,-58,0.34,ZINC000013553232,0,1,-58,1,1,2220,>10000,>10000,NT,93.2,C[C@@H]1CN(Cc2cccc3c[nH]nc32)C[C@H]1NC(=O)OC(C)(C)C,Z1898030979,1
280,ZINC000568745637,88417,17635,-58,0.29,ZINC000013864298,0,1,-58,1,0,,,,NT,26.04,CNCCCn1c(=O)oc2cc(Br)c(F)cc21,Z2438156888,1
281,ZINC000569686370,88431,17659,-58,0.34,ZINC000002004806,0,1,-58,1,1,550,>10000,>10000,7840,104.16,C=C(C)COCCNC[C@H](O)Cc1ccc(C(F)(F)F)cc1,Z2406380818,1
282,ZINC000570378223,88618,17673,-58,0.31,ZINC000019632912,0,1,-58,1,0,,,,NT,74.78,C[C@@H](NCCc1nc(O)c2ccccc2n1)c1ncc(Br)cn1,Z2330308236,1
283,ZINC000584136937,88487,17658,-58,0.32,ZINC000022939543,0,1,-58,1,1,7740,>10000,>10000,NT,63.72,COc1cncc(CN[C@H](c2ccc(Cl)cc2)C2CCC2)c1,Z2149357196,1
284,ZINC000601145950,88735,17653,-58,0.32,ZINC000013450384,0,1,-58,1,0,,,,NT,5.5,COC(=O)[C@H](C)NC(=O)[C@H](C)NCc1ccc(C)cc1Cl,Z2770215906,1
285,ZINC000638645623,88657,17646,-58,0.35,ZINC000053026007,0,1,-58,1,0,,,,NT,13.3,C[C@H]1CC[C@@H](NC(=O)CCc2cc(F)ccc2F)CN1,Z2827057441,1
286,ZINC000653191880,88601,17682,-58,0.29,ZINC000049034896,0,1,-58,1,0,,,,NT,17.77,CC(C)(C(=O)Nc1cc2c(nc1O)CCCC2)[C@@H](N)c1ccccc1,Z2488825936,1
287,ZINC000655940516,88534,17645,-58,0.29,ZINC000095584611,0,1,-58,1,0,,,,NT,45.6,Cn1cc([C@@H]2CN(CCC(C)(C)C3CC3)C[C@H]2N)cn1,Z2505086307,1
288,ZINC000663410642,88524,17660,-58,0.33,ZINC000073196712,0,1,-58,1,0,,,,NT,14.47,CCN(CCCNc1cc(C(F)(F)F)cc(C)n1)S(C)(=O)=O,Z2610878882,1
289,ZINC000423069736,88688,17649,-58,0.35,ZINC000034665863,0,1,-58,1,0,,,,NT,36.82,C[C@@H](CN[C@@H]1CCCCC[C@H]1N)Oc1ccc(Cl)cc1,Z2377586766,1
290,ZINC000119410297,88988,17748,-57.99,0.35,ZINC000025966579,0,1,-58,1,0,,,,NT,-26.23,N#Cc1ccc(OC[C@H](O)CN(C[C@@H]2CCCO2)[C@@H]2CCSC2)cc1,Z1535317499,1
291,ZINC000128472643,88761,17691,-57.99,0.28,ZINC000013587957,0,1,-58,1,0,,,,NT,9.97,CN(C[C@H](O)C(F)(F)F)CC1(O)CCOCC1,Z1587925647,1
292,ZINC000343185691,89081,17693,-57.99,0.34,ZINC000026752280,0,1,-58,1,0,,,,NT,86.21,Cn1ccc(CNCCCc2cccc(Cl)c2)c1,Z1545137757,1
293,ZINC000639320180,88901,17695,-57.99,0.22,ZINC000026170182,0,1,-58,1,0,,,,NT,13.13,COc1nsc(CNC[C@H](CO)CC2CC2)c1Br,Z2829604914,1
294,ZINC000092642352,313928,42403,-55,0.23,ZINC000004316467,0,1,-55,1,1,820,>10000,>10000,ND,87.72,C[C@@H]1CCCN(C(C)(C)CNc2nc(C3CC3)ns2)C1,Z1576770225,1
295,ZINC000127859549,313080,42379,-55,0.33,ZINC000013737384,0,1,-55,1,1,260,>10000,3570,10390,101.34,Cc1ccc(CNCCCn2cccn2)cc1Br,Z1559182560,1
296,ZINC000195335838,313244,42411,-55,0.34,ZINC000026171191,0,1,-55,1,0,,,,NT,-5.69,Fc1cccc(-c2nnn(CCCN3CCOCC3)n2)c1,Z979895714,1
297,ZINC000264073851,313738,42400,-55,0.3,ZINC000013590032,0,1,-55,1,1,1540,>10000,>10000,NT,76.76,C=C(C)CN/C(N)=N/CCCCN(C)c1ccccc1,Z1127548660,1
298,ZINC000266211012,314010,42426,-55,0.36,ZINC000013738263,0,1,-55,1,0,,,,NT,10.47,CC[C@@H](C)NC(=O)CN1CCC[C@H](c2cc(C(N)=O)[nH]n2)C1,Z1269657513,1
299,ZINC000304063884,313683,42396,-55,0.34,ZINC000001577051,0,1,-55,1,0,,,,NT,-2.84,Cc1nc(CN(CCO)CCc2ccccc2)oc1C,Z1189072784,1
300,ZINC000308370895,313885,42401,-55,0.34,ZINC000028889399,0,1,-55,1,0,,,,NT,-13.9,CCOc1cccc(CN[C@@H]2C[C@@H](OC)C23CCC3)c1,Z2285601548,1
301,ZINC000331207634,313098,42439,-55,0.31,ZINC000013732359,0,1,-55,1,0,,,,NT,-16.69,CCN1CC[C@H](N(C)C(O)=Nc2cccc(C#N)c2C)C[C@@H]1C,Z1461240627,1
302,ZINC000339591161,314078,42456,-55,0.26,ZINC000000006321,0,1,-55,1,0,,,,NT,-6.53,C=CCCCNC(=O)C(=O)NCC1(N2CCCCC2)CCCCC1,Z2029638138,1
303,ZINC000341120539,313278,42405,-55,0.31,ZINC000084402611,0,1,-55,1,0,,,,NT,39.42,Cc1ccc(S(=O)(=O)CCCN2C[C@H](O)C[C@H]2C)cc1,Z1587819348,1
304,ZINC000341983064,313092,42444,-55,0.32,ZINC000013835351,0,1,-55,1,0,,,,NT,2.61,N#Cc1ccc(CN2CC[C@@]3(C2)CCCOC3)c(OC(F)F)c1,Z2045844024,1
305,ZINC000355023141,313423,42452,-55,0.33,ZINC000026826755,0,1,-55,1,0,,,,NT,13.4,COc1ccc2nc(CN[C@@H](CCCO)c3ccccc3)[nH]c2n1,Z1680583840,1
306,ZINC000355274455,313704,42420,-55,0.28,ZINC000053045062,0,1,-55,1,0,,,,NT,45.4,Oc1cccnc1CNCc1ccnn1-c1ccc(F)cc1,Z1951055423,1
307,ZINC000375831418,313389,42465,-55,0.3,ZINC000013492910,0,1,-55,1,0,,,,NT,21.77,Cc1ccc(C2CC(NC[C@H]3CCC[C@]34NC(=O)N(C)C4=O)C2)cc1,Z1648606351,1
308,ZINC000412996356,313298,42467,-55,0.33,ZINC000013730124,0,1,-55,1,0,,,,NT,38.75,COC(=O)c1ccc(-c2nnn(C[C@@H]3CCCCN3C(C)C)n2)cc1,Z2346116603,1
309,ZINC000413345277,313857,42418,-55,0.25,ZINC000000066085,0,1,-55,1,0,,,,NT,30.27,Cc1ccc2c(C)cc(=NCCc3cnc(C)cn3)[nH]c2c1,Z2347756832,1
310,ZINC000418149855,313410,42392,-55,0.29,ZINC000049112302,0,1,-55,1,0,,,,NT,-17.33,O=C(NCc1ccsc1Br)N1CC[C@H]2CC[C@@H](C1)N2,Z2362931131,1
311,ZINC000431486198,314028,42443,-55,0.34,ZINC000029347680,0,1,-55,1,0,,,,NT,-15.54,O=C(CN=c1cc[nH]cc1[N+](=O)[O-])NCCN1CCCCCC1,Z2212486359,1
312,ZINC000433083202,313836,42421,-55,0.3,ZINC000003785169,0,1,-55,1,0,,,,NT,36.83,C=CCN1CC[C@@H](N2CC[C@H](c3ccc(CC)cc3)C2)C1=O,Z2215663720,1
313,ZINC000449548054,313095,42429,-55,0.25,ZINC000027741679,0,1,-55,1,1,6500,>10000,>10000,NT,68.93,C=C[C@@H]1OCCC[C@H]1NCc1cc2c(cc1SC)OCCO2,Z2265839145,1
314,ZINC000493120809,313406,42390,-55,0.25,ZINC000103275768,0,1,-55,1,0,,,,NT,35.35,C[C@H](N)C1CCN(C(=O)/C=C/c2ccc(Br)o2)CC1,Z2446602005,1
315,ZINC000527764590,313962,42417,-55,0.29,ZINC000073199003,0,1,-55,1,0,,,,NT,45.17,Cn1cc2ccc(CNCc3ccccc3C3CC3)cc2n1,Z2698171162,1
316,ZINC000527829489,313317,42453,-55,0.25,ZINC000101069912,0,1,-55,1,0,,,,NT,12.59,CN(C)C(C)(C)CNc1ccc2nnc(-c3ccc(F)cc3)n2n1,Z2698609501,1
317,ZINC000566614319,312882,42413,-55,0.28,ZINC000071318474,0,1,-55,1,1,1130,>10000,>10000,NT,82.58,CN(C[C@@H]1CCCN1C)C(=O)c1ccc(-c2cc[nH]n2)s1,Z2373707392,1
318,ZINC000570982110,314039,42447,-55,0.27,ZINC000066102535,0,1,-55,1,0,,,,NT,31.75,Cc1ccc(-c2nc(C(=O)N3C[C@H](O)[C@@H](N(C)C)C3)cs2)n1C,Z2499599210,1
319,ZINC000573862850,312938,42437,-55,0.28,ZINC000026738326,0,1,-55,1,0,,,,NT,5.84,CC1(C)CCC(O)(CN[C@@H](c2nc[nH]n2)c2ccccc2)CC1,Z2592101749,1
320,ZINC000579130977,312840,42377,-55,0.27,ZINC000027106866,0,1,-55,1,0,,,,NT,-3.98,C[C@H](C(=O)N[C@H]1CCC[C@@H](CO)C1)N1CC(C)C1,Z2500101747,1
321,ZINC000584683200,314091,42471,-55,0.36,ZINC000036093095,0,1,-55,1,1,3120,>10000,>10000,NT,71.15,Cc1ccsc1CNC(=O)CN1CCCN2c3ccccc3C[C@H]2C1,Z2169837875,1
322,ZINC000595265041,314075,42449,-55,0.32,ZINC000013802820,0,1,-55,1,0,,,,NT,17.33,O=C(NCCc1ccc(Cl)cc1[N+](=O)[O-])NCC12CC(C1)CN2,Z2596206681,1
323,ZINC000601077976,313804,42376,-55,0.35,ZINC000000968257,0,1,-55,1,0,,,,NT,3.52,CN(C)CCSCc1cccc2c1CCOC2,Z2769169529,1
324,ZINC000614852669,314069,42431,-55,0.22,ZINC000040845829,0,1,-55,1,0,,,,NT,-10.03,CN(C)C[C@H](CO)NC(=O)c1cc2c(C(F)F)nn(C)c2s1,Z2639369549,1
325,ZINC000624097807,313326,42463,-55,0.33,ZINC000013737124,0,1,-55,1,0,,,,NT,-3.31,CN1C[C@H](C(=O)N[C@H]2COc3ccccc3C2)[C@@H](c2ccccc2)C1,Z2699459823,1
326,ZINC000631091675,314089,42380,-55,0.27,ZINC000013775962,0,1,-55,1,0,,,,NT,2.57,O=S1(=O)CCC[C@@H]1CNCc1cccc(Br)c1Cl,Z2769637644,1
327,ZINC000631979398,313251,42464,-55,0.33,ZINC000004774465,0,1,-55,1,0,,,,NT,0.12,C[C@@H](NC(=O)C1(c2nccc3ccccc32)CC1)[C@@H]1CN(C)CCO1,Z2773256671,1
328,ZINC000641759985,313097,42428,-55,0.26,ZINC000000086599,0,1,-55,1,0,,,,NT,60.19,C=CCC[C@H](CO)NCc1cccc(F)c1OCC(F)(F)F,Z2853096441,1
329,ZINC000662137220,312963,42425,-55,0.28,ZINC000169350279,0,1,-55,1,0,,,,NT,23.08,C[C@H]1CN(Cc2ncc(-c3ccc(F)cc3)o2)C[C@]1(C)CO,Z2604996788,1
330,ZINC000185593526,313731,42419,-55,0.3,ZINC000040897855,0,1,-55,1,0,,,,NT,37.86,N/C(=N\Cc1ncc(-c2ccccc2)cn1)N1CCCCC1,Z2518446034,1
331,ZINC000236835221,313605,42381,-55,0.3,ZINC000013741708,0,1,-55,1,0,,,,NT,12.29,CCCN(C(=O)c1cc(I)c[nH]1)C1CCNCC1,Z1459443965,1
332,ZINC000449583914,313500,42457,-55,0.27,ZINC000029046637,0,1,-55,1,0,,,,NT,4.23,Cn1nccc1[C@@H]1C[C@@H](N[C@H]2CSCCc3ccccc32)CCO1,Z2266044685,1
333,ZINC000486647484,313625,42460,-55,0.33,ZINC000035950993,0,1,-55,1,0,,,,NT,-19.17,O=C(N=c1[nH][nH]c2c1cccc2Cl)C(=O)Nc1ccc(Cl)c(F)c1,Z2197628041,0
334,ZINC000029620765,919581,81940,-52,0.21,ZINC000013824128,0,1,-52,1,0,,,,NT,-9.29,Cc1cn2nc(NCC3(N4CCSCC4)CCCC3)sc2n1,Z397877628,1
335,ZINC000127166269,919760,82004,-52,0.35,ZINC000169325058,0,1,-52,1,1,6190,>10000,>10000,NT,60.93,CCOc1ccc(-c2nc(CNC3(C(N)=O)CCCCC3)co2)cc1,Z1492069849,1
336,ZINC000178717602,921050,81920,-52,0.26,ZINC000064527704,0,1,-52,1,0,,,,NT,-16.01,CN(C)C[C@](C)(O)CNC(=O)c1ccc(-n2cnnn2)cc1,Z1501090577,1
337,ZINC000258864497,918795,81857,-52,0.31,ZINC000039829618,0,1,-52,1,0,,,,NT,-7.64,OC1CCC(NCCc2cc(Br)ccc2F)CC1,Z2071775245,1
338,ZINC000262089856,918447,81934,-52,0.34,ZINC000049112302,0,1,-52,1,0,,,,NT,24.32,C[C@H](Cc1ccc(Cl)cc1)N(C)CCC(=O)N1CCNCC1,Z2447346057,1
339,ZINC000293752557,919455,81964,-52,0.34,ZINC000045288219,0,1,-52,1,0,,,,NT,44.9,COc1ccsc1CN1CCCNC(=O)[C@H]1Cc1ccccc1,Z2227005123,1
340,ZINC000302129330,921230,82017,-52,0.29,ZINC000013764493,0,1,-52,1,0,,,,NT,-3.01,C[C@H](CCNc1ccc(C(=O)Nc2nncs2)cn1)N1CCCCC1,Z1652539430,1
341,ZINC000329284591,918943,81918,-52,0.32,ZINC000003805713,0,1,-52,1,0,,,,NT,5.47,CN1CCCC[C@H]1CCC(O)=Nc1n[nH]c(C2CC2)c1C#N,Z2137936727,1
342,ZINC000329926945,919124,81873,-52,0.28,ZINC000103224150,0,1,-52,1,0,,,,NT,-19.21,COc1nc(N2C[C@H]3OCCN(C)[C@H]3C2)ncc1Br,Z2168024458,1
343,ZINC000352070883,919004,81924,-52,0.25,ZINC000013470716,0,1,-52,1,0,,,,NT,26.58,CC(C)[C@@H]1C[C@@H](NCc2ccc(OC(C)(C)C)nc2)CCO1,Z1618572495,1
344,ZINC000356154072,919768,81996,-52,0.32,ZINC000049067400,0,1,-52,1,0,,,,NT,-2.64,Cn1c(NC(=O)c2cncc(-c3ccccc3)c2)nc2cccnc21,Z2122214470,0
345,ZINC000358022333,918843,81933,-52,0.35,ZINC000029340600,0,1,-52,1,0,,,,NT,-7.81,CCc1nc(C)c([C@H](C)NCc2ccc(OCCO)cc2)s1,Z1582547403,1
346,ZINC000358362485,920775,81916,-52,0.33,ZINC000012356005,0,1,-52,1,0,,,,NT,-18.3,COc1ccc([C@H](C)[C@H](C)NCCc2ncc(C)cn2)cc1,Z1583151322,1
347,ZINC000365552749,918558,81943,-52,0.32,ZINC000026658470,0,1,-52,1,0,,,,NT,-3.85,Cn1ccnc1[C@@H]1CCCN(c2nc3ccccn3c2C#N)C1,Z1883574992,1
348,ZINC000379812577,919815,81988,-52,0.31,ZINC000029567153,0,1,-52,1,0,,,,NT,41.5,CC[C@H](N[C@@H]1[C@H]2CN(C(=O)OC(C)(C)C)C[C@H]21)c1ccc(F)cn1,Z2286226481,1
349,ZINC000413570733,919276,81969,-52,0.28,ZINC000013491763,0,1,-52,1,1,130,>10000,>10000, IC50 = 5930,103.62,CCOC(=O)c1sc2[nH]cnc(=N[C@H]3CCN(CC)C3)c2c1C,Z2348373225,1
350,ZINC000414969678,920755,81866,-52,0.23,ZINC000026167521,0,1,-52,1,0,,,,NT,73.94,Cc1cc(N)cc(CNCc2cnc(C(C)C)s2)c1,Z2354675985,1
351,ZINC000417307784,919037,81909,-52,0.34,ZINC000095575595,0,1,-52,1,0,,,,NT,48.16,C=C(C)CN1CCC(N[C@@H](C)[C@@H]2C[C@H]2c2cccs2)CC1,Z2361360064,1
352,ZINC000421386220,919024,81931,-52,0.31,ZINC000026267218,0,1,-52,1,0,,,,NT,10.44,Cc1c(Cl)c(CN[C@@](C)(Cc2ccccc2)C2CC2)nn1C,Z2371950521,1
353,ZINC000430013018,920053,81978,-52,0.3,ZINC000028132105,0,1,-52,1,0,,,,NT,-6.1,C[C@@H]1c2cc(Cl)c(Cl)cc2CCN1C(=O)C(=O)Nc1cnns1,Z1866281419,0
354,ZINC000464372572,919529,81936,-52,0.32,ZINC000036093035,0,1,-52,1,0,,,,NT,10.04,CCC1(CC)CN(C(=O)NC[C@@H]2CCN(C3CC3)C2)CCS1,Z1697576447,1
355,ZINC000513023623,920919,81904,-52,0.33,ZINC000013738274,0,1,-52,1,0,,,,NT,8.32,C[C@H]1[C@@H](Nc2cc(C#N)ccc2C(F)(F)F)CCCN1C,Z1724629815,1
356,ZINC000531646303,920021,82013,-52,0.28,ZINC000040414311,0,1,-52,1,0,,,,NT,32.29,CC(C)(O)CN(CC(=O)NCCCC1CCCCC1)C1CCOCC1,Z1348548023,1
357,ZINC000544927312,918999,81949,-52,0.31,ZINC000026249292,0,1,-52,1,0,,,,NT,0.29,Cc1ccc(COc2ccc(CN(C)C3CC(O)C3)cc2)cc1,Z1681974287,1
358,ZINC000553796500,920943,81888,-52,0.34,ZINC000013470674,0,1,-52,1,0,,,,NT,0.76,Cc1cccnc1NCc1cccc(OC(F)(F)F)c1,Z1606796842,1
359,ZINC000554523385,920370,81903,-52,0.28,ZINC000013452421,0,1,-52,1,0,,,,NT,57.23,CN1CC=C(CN=c2ccc(C(F)(F)F)c(C#N)[nH]2)CC1,Z2000037473,1
360,ZINC000567909695,918366,81923,-52,0.28,ZINC000038320550,0,1,-52,1,0,,,,NT,5.37,NCC1(C(=O)NCc2ccn(C3CCCC3)n2)CCOCC1,Z2452688942,1
361,ZINC000582419074,919113,81886,-52,0.31,ZINC000000346678,0,1,-52,1,0,,,,NT,-13.53,C[C@@H]1NCC[C@@H]1C(=O)N[C@@H](C(N)=O)c1ccc(F)cc1,Z2439401832,1
362,ZINC000623870425,918348,81861,-52,0.27,ZINC000029466644,0,1,-52,1,0,,,,NT,-13.19,Cc1ccc(CN(c2nc(=N)[nH]c(=N)[nH]2)C2CC2)o1,Z2698786201,1
363,ZINC000635912552,918338,81901,-52,0.22,ZINC000013764575,0,1,-52,1,0,,,,NT,-9.66,CO[C@H]1C[C@@H](CN(C)C(=O)[C@@H]2C[C@H]2c2cnc[nH]2)N(C)C1,Z2801354928,1
364,ZINC000639049217,918950,81846,-52,0.21,ZINC000000934790,0,1,-52,1,0,,,,NT,55.86,CN1CC[C@](O)(CNC2CC(n3cccn3)C2)C1,Z2828335913,1
365,ZINC000643339461,920443,81914,-52,0.3,ZINC000014975960,0,1,-52,1,0,,,,NT,-8.96,CCCc1[nH]ccc1C(=O)N[C@@H]1CN(C)Cc2ccccc21,Z2373051438,1
366,ZINC000644167129,921113,82006,-52,0.33,ZINC000012356205,0,1,-52,1,0,,,,NT,-41.36,C[C@@]1(Cc2ccc3c(c2)OCO3)NC(=O)N(CC[C@@H]2CCNC2)C1=O,Z2395966613,1
367,ZINC000649878035,919195,81973,-52,0.33,ZINC000000021393,0,1,-52,1,0,,,,NT,16.26,OCc1cn([C@@H]2CCN(Cc3cc4c(c(Cl)c3)OCO4)C2)nn1,Z2474311052,1
368,ZINC000653059646,919404,81938,-52,0.32,ZINC000013833801,0,1,-52,1,0,,,,NT,-20.05,O=C(NCc1nc2ccccc2s1)[C@@H]1CNC[C@H]1C(F)(F)F,Z2488582863,1
369,ZINC000664061503,921182,81959,-52,0.33,ZINC000028568190,0,1,-52,1,0,,,,NT,2.98,Cc1cc(C(F)(F)F)cc(N2CCN(CCN(C)C)C(=O)C2)n1,Z2613865015,1
370,ZINC000671004566,921177,81986,-52,0.3,ZINC000013553234,0,1,-52,1,0,,,,NT,-4.65,CCN1C[C@H](C)[C@H](NC(=O)C(=O)N[C@@H](C)c2ccc(C)c(C)c2)C1,Z2037256718,1
371,ZINC000425369559,918821,81935,-52,0.29,ZINC000101444616,0,1,-52,1,1,2200,>10000,>10000,NT,82.48,CC[C@H]1C[C@H](CNCC(=O)Nc2ccc(C)cc2Cl)CCO1,Z2411790270,1
372,ZINC000065828678,2214259,129324,-49,0.32,ZINC000045391782,0,1,-49,1,0,,,,NT,31.89,C[C@H](NC(=O)Nc1ccc2c(c1)C(=O)NC2=O)c1ccc(C#N)cc1,Z859627248,0
373,ZINC000068812227,2216194,129273,-49,0.32,ZINC000095562278,0,1,-49,1,1,4580,>10000,>10000,NT,77.61,Cc1cc(C)n(CCN2CCC(c3nc(C)no3)CC2)n1,Z1168263871,1
374,ZINC000158996642,2215033,129322,-49,0.26,ZINC000026638652,0,1,-49,1,0,,,,NT,7.25,Oc1nc2ccccc2cc1CNc1nncn1Cc1ccccc1,Z1743550510,0
375,ZINC000194813541,2215330,129306,-49,0.35,ZINC000035285409,0,1,-49,1,0,,,,NT,56.83,O=C(Nc1n[nH]c2ccc([N+](=O)[O-])cc21)C1CCN(C2CC2)CC1,Z1906740452,1
376,ZINC000261774985,2215291,129326,-49,0.33,ZINC000013827453,0,1,-49,1,0,,,,NT,-3.71,NC1(c2noc(-c3ccc(-c4nc(C5CC5)n[nH]4)cc3)n2)CCCC1,Z2442454252,1
377,ZINC000275789317,2217717,129282,-49,0.28,ZINC000040379757,0,1,-49,1,0,,,,NT,-27.28,Cn1cc(-c2n[nH]cc2C(=O)N2CCN3CCC[C@H]3C2)cn1,Z1765384805,1
378,ZINC000328920464,2212756,129294,-49,0.29,ZINC000000057519,0,1,-49,1,0,,,,NT,-48.89,C[C@H](C/N=C(/O)[C@@H]1CCCN(C(=O)C2CC2)C1)CN1CCCC1,Z781682864,1
379,ZINC000329536951,2215333,129311,-49,0.24,ZINC000013862874,0,1,-49,1,0,,,,NT,-24.25,Cc1cnn([C@@H]2CCN(/C(O)=N/C[C@@H]3CCCCN3C3CC3)C2)c1,Z2180816809,1
380,ZINC000338210230,2212800,129284,-49,0.28,ZINC000022939330,0,1,-49,1,0,,,,NT,-14.2,Cc1noc(C)c1[C@@H](C)CC(=O)N1CCCN(C(C)C)CC1,Z1509955216,1
381,ZINC000341188110,2212854,129289,-49,0.25,ZINC000000026139,0,1,-49,1,0,,,,NT,20.96,Cc1oc2ncnc(NC(=O)c3ccc4cncn4c3)c2c1C,Z2042603271,1
382,ZINC000362031643,2213727,129313,-49,0.31,ZINC000013728043,0,1,-49,1,0,,,,NT,18.64,CCn1ccnc(N2CCC[C@H](C(=O)N3CCN(C)CC3)C2)c1=O,Z1583364111,1
383,ZINC000364457637,2213787,129295,-49,0.28,ZINC000095578658,0,1,-49,1,0,,,,NT,-4.22,OC1(CN2CCOCC2)CCN(CCO[C@@H]2CCCCO2)CC1,Z1887563403,1
384,ZINC000367129355,2214249,129275,-49,0.28,ZINC000027728112,0,1,-49,1,0,,,,NT,30.48,CC(C)c1nccc(=NC[C@@H]2CN3CCCC[C@H]3CO2)[nH]1,Z1537215165,1
385,ZINC000413153770,2215354,129308,-49,0.34,ZINC000004117521,0,1,-49,1,0,,,,NT,41.97,C[C@H](CNc1ccc([N+](=O)[O-])c2ncccc12)CN1CCOCC1,Z2347136207,1
386,ZINC000418958962,2214919,129296,-49,0.33,ZINC000022939939,0,1,-49,1,1,5440,>10000,>10000,NT,73.17,CN1CCC[C@@]2(CCN(c3ncc(F)c(-c4ccsc4)n3)C2)C1,Z2365075336,1
387,ZINC000420401643,2212718,129293,-49,0.33,ZINC000003903990,0,1,-49,1,0,,,,NT,31.96,O=[N+]([O-])c1ccccc1OCCN1CCCC[C@H]1[C@@H]1CCNC1,Z2369535292,1
388,ZINC000421783101,2214933,129331,-49,0.29,ZINC000013862877,0,1,-49,1,0,,,,NT,-5.69,O=C(N1CC[C@@H]2[C@@H](CCCN2C2CC2)C1)C1(Oc2ccccc2)CC1,Z2373041513,1
389,ZINC000437567142,2215717,129341,-49,0.31,ZINC000064540488,0,1,-49,1,0,,,,NT,-23.44,Cc1cc(O)cc(=O)n1CCC(=O)N[C@H](c1ccc(Cl)cc1)C1CC1,Z1783292810,0
390,ZINC000439617604,2214599,129304,-49,0.3,ZINC000013741358,0,1,-49,1,0,,,,NT,20.16,O=C(NCc1ccc(Cn2ccnc2)cc1)Nc1cncc(F)c1,Z1991298630,0
391,ZINC000457751519,2214485,129300,-49,0.31,ZINC000028878419,0,1,-49,1,0,,,,NT,-18.17,CC(C)N1CC(NC(=O)C2(c3ccc(Cl)cc3)CCOCC2)C1,Z2303183448,1
392,ZINC000459762949,2212873,129278,-49,0.33,ZINC000084402611,0,1,-49,1,0,,,,NT,13.67,O=S(=O)(CCNC1(C2CCC2)CCC1)c1ccc(F)cc1,Z2313590818,1
393,ZINC000479933259,2215019,129315,-49,0.34,ZINC000000021403,0,1,-49,1,0,,,,NT,3.62,Clc1ccc2nc(Cn3nnnc3/C=C/c3ccccc3)cn2c1,Z1436849240,0
394,ZINC000518341321,2218098,129320,-49,0.32,ZINC000049112302,0,1,-49,1,0,,,,NT,18.24,O=C(Nc1ccc(Cl)cc1Cl)C(=O)N1CCC2(CCNCC2)CC1,Z2355968233,1
395,ZINC000526947641,2217450,129262,-49,0.26,ZINC000026815747,0,1,-49,1,0,,,,NT,-5.46,CCC[C@H](NCc1nnc(C)s1)c1ccsc1,Z1797269354,1
396,ZINC000564099295,2214598,129332,-49,0.27,ZINC000013580178,0,1,-49,1,0,,,,NT,63.55,CCC(CC)N=c1cc[nH]cc1NC(=O)[C@@H]1CCc2cnc(C)n2C1,Z2499635268,2
397,ZINC000567487612,2214484,129287,-49,0.33,ZINC000027440054,0,1,-49,1,0,,,,NT,8.46,O=C1Nc2ccccc2S[C@@H]1CCSCCN1CCOCC1,Z2589069389,1
398,ZINC000583694740,2214399,129333,-49,0.36,ZINC000072105372,0,1,-49,1,0,,,,NT,18.07,O=C(NCCCNC1CC1)c1nn(-c2ccccc2F)c2c1CCC2,Z2453011209,1
399,ZINC000593213951,2215259,129336,-49,0.33,ZINC000027850736,0,1,-49,1,0,,,,NT,-15.11,Cc1cc(C)c(C)c(OCCC(=O)N2CCC[C@H]2[C@@H]2CCCN2C)c1,Z1148465918,1
400,ZINC000619010813,2214609,129329,-49,0.28,ZINC000002002918,0,1,-49,1,0,,,,NT,-3.41,Cc1cccn2c(NC(=O)[C@H](NC(=O)c3ccco3)C(C)C)cnc12,Z2646254697,0
401,ZINC000622835444,2214143,129312,-49,0.29,ZINC000026842028,0,1,-49,1,0,,,,NT,5.16,CCN1C[C@@H](C)N(C(=O)[C@@H]2OCCO[C@@H]2c2ccccc2)C[C@H]1C,Z2672766558,1
402,ZINC000624591648,2214446,129338,-49,0.31,ZINC000040898186,0,1,-49,1,0,,,,NT,-28.52,O=C(c1ccn(C2CCOCC2)n1)N1CCC(N2CCCCC2)CC1,Z2700945607,1
403,ZINC000638425397,2217914,129263,-49,0.29,ZINC000002567726,0,1,-49,1,0,,,,NT,49.3,N=c1[nH]cc(CNCCc2ccc(Br)s2)c(=N)[nH]1,Z2826441046,1
404,ZINC000662805644,2213638,129267,-49,0.2,ZINC000101444606,0,1,-49,1,0,,,,NT,-29.56,O=C(N[C@@H]1[C@@H]2CCO[C@H]2C12CCC2)[C@@]1(O)CCCNC1,Z2606816768,1
405,ZINC000662808424,2213655,129268,-49,0.24,ZINC000095571984,0,1,-49,1,0,,,,NT,-18.27,CCO[C@@H]1C[C@H](NC(=O)C2(NC3CC3)CCC2)[C@H]1OC,Z2606823856,1
406,ZINC000540834248,2213345,129277,-49,0.34,ZINC000013808365,0,1,-49,1,0,,,,NT,8.24,C[C@@H]1CN(C)CC[C@H]1Nc1ccc(-n2ccnc2)c(Cl)c1,Z1612678769,1
407,ZINC000562747285,2217867,129309,-49,0.31,ZINC000100679478,0,1,-49,1,0,,,,NT,20.04,O=C(CN1C(=O)[C@@H]2CCCC[C@H]2C1=O)Nc1cnc2n1CCCC2,Z2282904394,1
408,ZINC000012721827,4462570,157729,-46,0.27,ZINC000025427021,0,1,-46,1,0,,,,NT,-27.68,COc1ccc(-n2nnnc2SCc2nc(N)nc(N(C)C)n2)cc1,Z193713354,0
409,ZINC000025029722,4466767,157730,-46,0.31,ZINC000013743211,0,1,-46,1,0,,,,NT,-26.44,O=C(COc1ccc(Cl)cc1[N+](=O)[O-])N1CC(=O)Nc2ccccc21,Z24044855,0
410,ZINC000109059752,4462834,157676,-46,0.3,ZINC000036089333,0,1,-46,1,0,,,,NT,-12.05,O=C(CCc1ccc(Cl)cc1)NCCc1nnc(S)n1C1CC1,Z1162770871,0
411,ZINC000178015194,4461263,157695,-46,0.29,ZINC000005058550,0,1,-46,1,0,,,,NT,-25.83,C[C@@H](NC(=O)c1cc(N)nc(Cl)c1)c1ccccc1-n1cccn1,Z1417649377,0
412,ZINC000191219561,4462400,157675,-46,0.3,ZINC000028604399,0,1,-46,1,0,,,,NT,-17.06,Cn1cc([C@@H]2CSCCN2CC(=O)Nc2sccc2C#N)cn1,Z1846162330,0
413,ZINC000288233772,4466141,157663,-46,0.36,ZINC000040953743,0,1,-46,1,0,,,,NT,22.54,O=C1N[C@@H](Cc2c[nH]cn2)C(=O)N1[C@@H]1C[C@@H]1c1cccc(F)c1,Z2086192660,1
414,ZINC000288401156,4464117,157637,-46,0.27,ZINC000029130915,0,1,-46,1,0,,,,NT,2.81,CCc1nc(C)cc(NCCCO[C@H]2CCCCO2)n1,Z2143145706,1
415,ZINC000290098055,4459555,157660,-46,0.26,ZINC000026569466,0,1,-46,1,0,,,,NT,-5.43,C=CCN(Cc1cnc(C2OCCO2)s1)CC1CCCCC1,Z2161560852,1
416,ZINC000330466221,4459931,157646,-46,0.27,ZINC000013651751,0,1,-46,1,0,,,,NT,-9.56,CCN1CCC[C@H](/N=C(/O)N[C@@H](CO)c2cnn(C)c2)C1,Z1523056225,1
417,ZINC000335828118,4462956,157628,-46,0.32,ZINC000028821392,0,1,-46,1,0,,,,NT,9.5,NCc1cc(C(=O)N[C@H]2CC23CCCCC3)ccn1,Z2395068427,1
418,ZINC000353089187,4463559,157620,-46,0.34,ZINC000028958876,0,1,-46,1,0,,,,NT,19.48,CCc1nc(CNCCc2cc(C)no2)cs1,Z2071138032,1
419,ZINC000354027637,4460231,157711,-46,0.33,ZINC000169339933,0,1,-46,1,0,,,,NT,-32.39,COc1cc(NC(=O)C(=O)N(C)CCN(C)c2ccccc2)ccn1,Z2116561770,0
420,ZINC000358064563,4459778,157718,-46,0.32,ZINC000038749817,0,1,-46,1,0,,,,NT,-6.64,CN1CC[C@@](O)(CNC(=O)[C@H](c2ccccc2)N2CCCCC2=O)C1,Z1687262757,1
421,ZINC000381888974,4465497,157634,-46,0.26,ZINC000026480590,0,1,-46,1,0,,,,NT,2.78,Cc1n[nH]cc1CCCN[C@@H](C)[C@@H]1CC2CCC1CC2,Z2234479280,1
422,ZINC000416287750,4460584,157621,-46,0.33,ZINC000013761062,0,1,-46,1,0,,,,NT,-13.59,C[C@H]1CCCCN1CCC(=O)N[C@H]1C[C@@](C)(O)C1,Z2358216949,1
423,ZINC000440607995,4460201,157707,-46,0.29,ZINC000169309931,0,1,-46,1,0,,,,NT,1.13,C[C@@H](NC(=O)c1cn(C)c(=O)nc1O)c1ccc(-n2cccn2)cc1,Z1286570329,0
424,ZINC000452390760,4460659,157669,-46,0.28,ZINC000096286414,0,1,-46,1,0,,,,NT,-6.5,Cc1sc(=O)n(CCC(=O)NCC(C)(C)c2ccccn2)c1C,Z2283032537,0
425,ZINC000459339191,4465118,157643,-46,0.27,ZINC000045284425,0,1,-46,1,0,,,,NT,-7.75,CC[C@H](C)[C@H](C)N(Cc1cc(O)nc(C2CC2)n1)C1CC1,Z2311820154,1
426,ZINC000493064872,4459425,157682,-46,0.34,ZINC000028821388,0,1,-46,1,0,,,,NT,44.83,Cc1cccc(-c2cccc(CNC(=O)/C=C/[C@H]3CCOC3)c2)c1,Z2255391323,0
427,ZINC000507247410,4466252,157700,-46,0.33,ZINC000013473843,0,1,-46,1,0,,,,NT,23.55,Cc1sccc1CN1CCC(C(=O)N2CCC(C(N)=O)CC2)CC1,Z2225564839,1
428,ZINC000524698687,4459586,157638,-46,0.28,ZINC000003831171,0,1,-46,1,0,,,,NT,8.63,CCN(C)C[C@H]1CCN(C(=O)COC[C@H]2CCCO2)C1,Z1276033652,1
429,ZINC000563099383,4463597,157630,-46,0.25,ZINC000064527423,0,1,-46,1,0,,,,NT,20.19,Cc1cnc([C@@H](NC[C@H]2CCCNC2=O)C2CC2)s1,Z2312259497,1
430,ZINC000566689089,4462575,157652,-46,0.26,ZINC000013756908,0,1,-46,1,0,,,,NT,-18.94,O=C(NCCCCn1cc(Br)cn1)C(=O)N[C@H]1CCNC1,Z2596531647,1
431,ZINC000616305793,4457459,157645,-46,0.31,ZINC000027705626,0,1,-46,1,0,,,,NT,-3.34,CCN1CC[C@@H](NC(=O)C2(n3cnnn3)CCOCC2)C1,Z2641575598,1
432,ZINC000620168554,4459707,157650,-46,0.27,ZINC000013731504,0,1,-46,1,0,,,,NT,7.11,CN(CC(=O)N1CCN(C)CC1)C(=O)CSc1nncs1,Z843506826,1
433,ZINC000630510987,4463887,157654,-46,0.27,ZINC000005117657,0,1,-46,1,0,,,,NT,-27.21,c1c(C2CCC2)nn2ccnc(N3CC[C@@]4(CCNC4)C3)c12,Z2763605003,1
434,ZINC000632062321,4461467,157662,-46,0.33,ZINC000013862858,0,1,-46,1,0,,,,NT,-18.23,Cc1cc(S(=O)(=O)NC2CCN(C3CCCCC3)CC2)sn1,Z2773496847,1
435,ZINC000638189401,4461753,157714,-46,0.34,ZINC000013523706,0,1,-46,1,0,,,,NT,20.46,CC(C)(CNc1ccc(NC(=O)c2ccco2)cc1)N1CCOCC1,Z2825785062,1
436,ZINC000639348242,4462851,157627,-46,0.22,ZINC000005424171,0,1,-46,1,0,,,,NT,93.07,CC1(C)OC[C@H]2C[C@]21NCc1cnc2[nH]cncc1-2,Z2829720282,1
437,ZINC000644245640,4465920,157641,-46,0.24,ZINC000013862867,0,1,-46,1,0,,,,NT,17.27,CO[C@H]1COC[C@H]1S(=O)(=O)N[C@@H]1CN(C2CC2)C[C@@H]1C,Z2398009162,1
438,ZINC000647173016,4463762,157635,-46,0.27,ZINC000013470686,0,1,-46,1,1,8280,>10000,>10000,NT,55.18,COc1ncncc1CNCCO[C@@H]1CCCC[C@H]1C,Z2442838981,1
439,ZINC000652609636,4466475,157668,-46,0.29,ZINC000013764571,0,1,-46,1,0,,,,NT,9.4,NCC1(CCNC(=O)N=c2ccnc(OCC(F)(F)F)[nH]2)CC1,Z2483731891,1
440,ZINC000655445078,4459337,157629,-46,0.28,ZINC000013802799,0,1,-46,1,0,,,,NT,-12.69,C[C@H](Cn1ccnc1)NC(=O)[C@@H]1C[C@@]12CCCNC2,Z2503844846,1
441,ZINC000657300720,4462797,157639,-46,0.25,ZINC000003873936,0,1,-46,1,0,,,,NT,16.46,Cn1nc(C(F)(F)F)cc1CNCCCn1cncn1,Z2589540326,1
442,ZINC000659991983,4460615,157647,-46,0.27,ZINC000013492916,0,1,-46,1,0,,,,NT,-1.36,CCN1CC[C@H]2CC[C@@H](C1)N2CCN1C[C@@H](C)O[C@@H](C)C1,Z2599361863,1
443,ZINC000064657791,7862943,195963,-43,0.28,ZINC000045257756,0,1,-43,1,0,,,,NT,-13.19,Cn1c(CSc2nnc(N3CCCC3)s2)cc(=O)n(C)c1=O,Z803283730,0
444,ZINC000076693592,7864372,196008,-43,0.29,ZINC000013984603,0,1,-43,1,0,,,,NT,-12.25,CC[C@@H]1CN(C(=O)C(=O)Nc2cccc(-c3ncon3)c2)CCS1,Z1290937004,0
445,ZINC000084373504,7862258,195987,-43,0.36,ZINC000013681122,0,1,-43,1,0,,,,NT,7.85,O=C(Cc1n[nH]c2ccccc21)N(CC1CCC1)c1ccccc1,Z1371042596,0
446,ZINC000090417165,7865304,196005,-43,0.3,ZINC000066105205,0,1,-43,1,0,,,,NT,-30.6,Cc1n[nH]c2ncc(NC(=O)CSc3nccn3C(C)(C)C)cc12,Z1537577999,0
447,ZINC000115942017,7867589,195967,-43,0.35,ZINC000026640771,0,1,-43,1,0,,,,NT,-12.25,O=C(NC[C@@H]1Cc2ccccc2O1)c1[nH]nc(C2CC2)c1Br,Z855053948,0
448,ZINC000119413870,7867371,196044,-43,0.26,ZINC000013586573,0,1,-43,1,0,,,,NT,-13.9,O=C(c1csc(-c2nnc[nH]2)n1)N1CCc2c(cccc2[N+](=O)[O-])C1,Z1523129802,0
449,ZINC000126435005,7864319,196004,-43,0.27,ZINC000029222367,0,1,-43,1,0,,,,NT,0.46,CN(C)c1ncncc1NC(=O)CCc1nc(-c2cccs2)no1,Z1392942458,0
450,ZINC000135482689,7865070,196003,-43,0.25,ZINC000002572468,0,1,-43,1,0,,,,NT,-4.52,Cc1nc(C#N)c(C#N)n1CCc1cc(Cl)c2c(c1)OCCCO2,Z1796695988,0
451,ZINC000159177186,7869821,195937,-43,0.26,ZINC000028007876,0,1,-43,1,0,,,,NT,-0.58,CCc1nc(CN2CCCc3cc(F)cc(C)c32)n[nH]1,Z1722865473,0
452,ZINC000182328656,7861514,195989,-43,0.28,ZINC000040934790,0,1,-43,1,0,,,,NT,-19.38,CCCc1c(Nc2ccc(C#N)nn2)cnn1-c1cccc(F)c1,Z1652518677,0
453,ZINC000192454118,7864382,195966,-43,0.3,ZINC000028380898,0,1,-43,1,0,,,,NT,-18.94,Cc1cc(OCC(=O)N[C@@]2(C)CCS(=O)(=O)C2)cc(C)c1Cl,Z441419142,0
454,ZINC000281475093,7866180,196033,-43,0.27,ZINC000040847108,0,1,-43,1,0,,,,NT,-19.61,CC[C@H](C)c1nc([C@H](C)NC(=O)[C@@H]2CCc3cc(C)ccc3O2)n[nH]1,Z1953371671,0
455,ZINC000329010820,7869483,195957,-43,0.27,ZINC000064454008,0,1,-43,1,0,,,,NT,-18.4,CC1(/N=C(/O)[C@@H]2CCc3nncn3C2)Cc2ccccc2C1,Z2223886339,0
456,ZINC000329485257,7866988,196038,-43,0.28,ZINC000013732251,0,1,-43,1,0,,,,NT,24.69,CC(C)C[C@@H](C/N=C(/O)Nc1cccc2c1OCO2)N1CCOCC1,Z1644110649,1
457,ZINC000329730178,7869507,195936,-43,0.22,ZINC000058582748,0,1,-43,1,0,,,,NT,-13.39,C[C@]1(NC(O)=Nc2ccn3ccnc3c2)CCCOC1,Z2171363653,1
458,ZINC000330201739,7861206,195949,-43,0.29,ZINC000027754417,0,1,-43,1,0,,,,NT,-7.95,C[C@H]1OCC[C@H]1N/C(O)=N/C[C@H]1SCCc2ccccc21,Z2200407749,0
459,ZINC000342540996,7872207,195971,-43,0.27,ZINC000103241373,0,1,-43,1,0,,,,NT,-5.93,NC(=O)CCn1ccc(=NC(=O)c2ccc3c(c2)CCC=C3)[nH]1,Z2046773507,0
460,ZINC000356040370,7872734,196029,-43,0.28,ZINC000002530705,0,1,-43,1,0,,,,NT,34.44,O=[N+]([O-])c1c[nH]c(-c2nc(-c3ccnc(N4CCOCC4)c3)no2)c1,Z1683979814,0
461,ZINC000367889194,7860697,195976,-43,0.27,ZINC000013762320,0,1,-43,1,0,,,,NT,-10.77,N#Cc1cnn(C(=O)c2ccnc(-c3ccc(Cl)cc3)n2)c1N,Z2112007725,0
462,ZINC000369237090,7870018,195947,-43,0.33,ZINC000013808369,0,1,-43,1,0,,,,NT,4.49,Cn1cnc2c1CCN(c1nnc(-c3ccccc3)s1)C2,Z1160894526,1
463,ZINC000423993342,7872631,195952,-43,0.31,ZINC000036270498,0,1,-43,1,0,,,,NT,8.79,O=C(Cn1cc(Br)cn1)N1CCNC[C@H]1c1ccccc1,Z2378720128,1
464,ZINC000444256497,7871964,195991,-43,0.26,ZINC000045340271,0,1,-43,1,0,,,,NT,-0.79,Nc1ncnc2c1ncn2CC(=O)NCc1ccc2c(c1)CNC2,Z1766347311,1
465,ZINC000451272531,7865471,195955,-43,0.28,ZINC000053172846,0,1,-43,1,0,,,,NT,-1.8,CC(=O)c1cn(CC(=O)N2CCC=Cc3ccccc32)nn1,Z2276842689,0
466,ZINC000459733119,7870494,195925,-43,0.32,ZINC000003683831,0,1,-43,1,0,,,,NT,28.43,CN1CCC[C@H](CCN[C@H]2CC[C@H]2C2CCC2)C1,Z2313513161,2
467,ZINC000497236705,7864908,196001,-43,0.28,ZINC000027712564,0,1,-43,1,0,,,,NT,-4.18,CC(C)(C)OC(=O)N1CC2(CC(N[C@@H]3CCCc4c[nH]nc43)C2)C1,Z2039777235,1
468,ZINC000546930762,7863375,196036,-43,0.31,ZINC000013581165,0,1,-43,1,0,,,,NT,-18.67,CC[C@@H]1CN(Cc2nc3ccc(OC)nc3[nH]2)C[C@H]1N1CCOCC1,Z1680552621,1
469,ZINC000548008896,7867290,196051,-43,0.3,ZINC000068199255,0,1,-43,1,0,,,,NT,0.66,Cn1cc([C@H]2OCCC[C@@H]2NS(=O)(=O)CCCN2CCOCC2)cn1,Z1754532047,1
470,ZINC000559417747,7860271,195973,-43,0.31,ZINC000028396991,0,1,-43,1,0,,,,NT,41.64,Cn1ccc2ccc(NCc3nnnn3C3CCOCC3)cc21,Z1870389332,0
471,ZINC000569270050,7866266,195941,-43,0.32,ZINC000026974374,0,1,-43,1,0,,,,NT,5.84,Cn1cc(CCOc2cnc3ccc(Br)cc3c2)cn1,Z1729298844,0
472,ZINC000596018639,7872724,195981,-43,0.28,ZINC000028712494,0,1,-43,1,0,,,,NT,8.39,Cc1noc(CSc2nnc(N3CCOCC3)n2C)c1[N+](=O)[O-],Z2609870538,0
473,ZINC000596664063,7860549,195986,-43,0.29,ZINC000021873609,0,1,-43,1,0,,,,NT,54.85,Cc1nn(C)c2ncc(CNc3cnn(-c4ccncc4)c3)cc12,Z1164545526,1
474,ZINC000613544672,7864332,196027,-43,0.3,ZINC000040403803,0,1,-43,1,0,,,,NT,-18.37,Cn1ncc(C2CCC2)c1C(=O)N1CCN(c2ccccc2)C(=O)C1,Z2636234783,0
475,ZINC000665695037,7864082,196032,-43,0.31,ZINC000058563968,0,1,-43,1,0,,,,NT,-25.16,Cc1cc(NC(=O)C2CCN(c3cc(NC4CC4)ncn3)CC2)no1,Z2346892771,0
476,ZINC000287623857,7865671,195953,-43,0.29,ZINC000040949645,0,1,-43,1,0,,,,NT,19.96,CN1CCN(C(=O)CCn2ccnc2)c2ccc(Br)cc21,Z2090893959,1
477,ZINC000528659633,7865660,196020,-43,0.32,ZINC000022941535,0,1,-43,1,0,,,,NT,-2.53,Cc1ccc(-c2nn(C)cc2C(=O)N2c3ccccc3C[C@@H]2CN)o1,Z2706339087,1
478,ZINC000594648986,7872063,195950,-43,0.35,ZINC000045391665,0,1,-43,1,0,,,,NT,14.2,O=[N+]([O-])c1ccc(-n2cc(C[C@@]3(O)CCSC3)nn2)nc1,Z2527347399,0
479,ZINC000053340688,12884680,246510,-40,0.29,ZINC000101184733,0,1,-40,1,0,,,,NT,6.24,C[C@@H](c1cc2ccccc2o1)N(C)C(=O)CSc1nnc(N)s1,Z651436070,0
480,ZINC000056767086,12883193,246582,-40,0.32,ZINC000034481433,0,1,-40,1,0,,,,NT,-14,Cc1c([C@@H](C)NC(=O)Nc2ccc(N3CCOC3=O)cc2)cnn1C,Z746891076,0
481,ZINC000057771570,12877384,246494,-40,0.34,ZINC000026568717,0,1,-40,1,0,,,,NT,-4.99,O=c1[nH]c(-c2cnn(-c3cccc(Cl)c3)c2)nc2ccccc12,Z951209586,0
482,ZINC000103161985,12887706,246512,-40,0.32,ZINC000095573175,0,1,-40,1,0,,,,NT,-37.6,O=C(c1ccc(OS(=O)(=O)c2ccc(Cl)s2)cc1)N1CCCC1,Z1103326890,0
483,ZINC000195441479,12890248,246426,-40,0.32,ZINC000027303430,0,1,-40,1,0,,,,NT,24.09,CCn1ncnc1CSC1=Nc2ccccc2C1,Z1899729220,0
484,ZINC000269099581,12888491,246449,-40,0.25,ZINC000029135637,0,1,-40,1,0,,,,NT,7.38,Cc1cn2nc(NCCn3cc([N+](=O)[O-])cn3)sc2n1,Z1449949286,0
485,ZINC000293687518,12874678,246469,-40,0.31,ZINC000026499988,0,1,-40,1,0,,,,NT,-2.6,O=C1NCCCN(C[C@@H]2CCC=CO2)[C@@H]1Cc1ccccc1,Z2227005267,1
486,ZINC000301077012,12875617,246517,-40,0.34,ZINC000071281365,0,1,-40,1,0,,,,NT,-4.05,N#Cc1ccc(N2CCC(Nc3ncnc4nc[nH]c43)CC2)cc1,Z929770426,0
487,ZINC000328820289,12893928,246589,-40,0.35,ZINC000101444611,0,1,-40,1,0,,,,NT,0.66,OC(=Nc1cccc(OC[C@@H]2CCCO2)c1)N[C@@H]1CCO[C@H]1C1CC1,Z2946814823,0
488,ZINC000329095325,12886618,246608,-40,0.32,ZINC000101444640,0,1,-40,1,0,,,,NT,-23.65,O=C(NC/C(O)=N/C[C@H]1CS(=O)(=O)CCO1)c1ccc2c(c1)CCC2,Z1565177544,0
489,ZINC000329302218,12874883,246460,-40,0.34,ZINC000028712492,0,1,-40,1,0,,,,NT,36.16,COc1ncc(CSc2nnc(C3CCC3)n2C)c(C)n1,Z1983059295,0
490,ZINC000333727893,12886704,246558,-40,0.29,ZINC000026935128,0,1,-40,1,0,,,,NT,3.68,O=C(COc1ccsc1Cl)N1CCN([C@H]2CCNC(=O)CC2)CC1,Z2298630205,1
491,ZINC000335841258,12888456,246444,-40,0.3,ZINC000100009278,0,1,-40,1,0,,,,NT,-0.85,COC1CCN(C(=O)N2CC[C@H]3CC[C@@H](C2)N3C)CC1,Z1822565857,1
492,ZINC000340055039,12889733,246454,-40,0.26,ZINC000026017182,0,1,-40,1,0,,,,NT,3.75,N#Cc1ccc(OCCn2cnc(-c3nccs3)n2)cc1,Z2034643392,0
493,ZINC000353157423,12873921,246456,-40,0.26,ZINC000003811327,0,1,-40,1,0,,,,NT,-8.82,CN(C)C1(CNC(=O)N[C@H]2CC(=O)N(C)C2)CCOCC1,Z1352938943,1
494,ZINC000353283206,12885081,246569,-40,0.32,ZINC000000008794,0,1,-40,1,0,,,,NT,19.92,CN(C)c1cccnc1CNC(=O)Nc1cccc(-c2ncco2)c1,Z2171099302,0
495,ZINC000362905868,12885229,246539,-40,0.3,ZINC000066165820,0,1,-40,1,0,,,,NT,24.63,O=C(N=c1[nH][nH]c2c1cccc2Cl)C1(c2cccnc2)CCCC1,Z2197628053,0
496,ZINC000364803807,12878961,246587,-40,0.22,ZINC000064527408,0,1,-40,1,0,,,,NT,-9.02,CN(CC(=O)N1CCC[C@@]2(CNC(=O)O2)C1)c1ncnc2[nH]cnc21,Z1796374613,0
497,ZINC000371594592,12885003,246564,-40,0.34,ZINC000013779655,0,1,-40,1,0,,,,NT,-12.75,O=C(c1ccccc1N1CCOCC1)N1CC=C(c2ccccc2)C1,Z1626769015,0
498,ZINC000408454402,12886927,246511,-40,0.27,ZINC000053025963,0,1,-40,1,0,,,,NT,1.43,O=C(N[C@@H]1CCc2c1ccc(Cl)c2Cl)N1CC(=O)N(C2CC2)C1,Z1930877196,0
499,ZINC000440899623,12885227,246536,-40,0.29,ZINC000028958865,0,1,-40,1,0,,,,NT,-12.96,CC(=O)c1c[nH]ccc1=NC(=O)c1ccc(-c2csc(C)n2)cc1,Z1994615711,0
500,ZINC000442838678,12882313,246550,-40,0.32,ZINC000034801574,0,1,-40,1,0,,,,NT,21.94,CCOC(=O)c1cc(S(=O)(=O)Nc2ccc3ccoc3c2)cn1C,Z1796780176,0
501,ZINC000462877234,12878533,246484,-40,0.28,ZINC000049036141,0,1,-40,1,0,,,,NT,56.93,Cc1nn(C)c2cc(NC/C=C/c3ccc(F)cc3F)ccc12,Z2188359507,0
502,ZINC000500766833,12878767,246471,-40,0.32,ZINC000026962322,0,1,-40,1,0,,,,NT,9.94,N#CC1(CSc2nc3ccccc3n2-c2ccccc2)CC1,Z1556220128,0
503,ZINC000505420543,12878091,246516,-40,0.32,ZINC000026954602,0,1,-40,1,0,,,,NT,12.16,Cc1nccc(-c2cccc(NC(=O)c3occ4c3CCC4)c2)n1,Z2066905384,0
504,ZINC000516013415,12880442,246530,-40,0.35,ZINC000013703868,0,1,-40,1,0,,,,NT,-5.56,C[C@@H](C1CC1)N(C)C(=O)C(=O)Nc1cccc(N2CCNC2=O)c1,Z760240596,0
505,ZINC000533232220,12888089,246607,-40,0.28,ZINC000101296975,0,1,-40,1,0,,,,NT,28.8,Cc1cc(NC(=O)c2cc3c(c(Cl)c2)OCO3)n(C2CCOCC2)n1,Z1466095902,0
506,ZINC000561696674,12878755,246468,-40,0.32,ZINC000000000539,0,1,-40,1,0,,,,NT,25.47,CC(C)Cn1ncc(Nc2ccc([N+](=O)[O-])cc2)c1C1CC1,Z2143528879,0
507,ZINC000562352532,12892311,246447,-40,0.25,ZINC000013474745,0,1,-40,1,0,,,,NT,-13.19,CCCc1nc(C)c(CNc2ccnc3ccsc32)o1,Z2200015885,1
508,ZINC000596309140,12887806,246439,-40,0.31,ZINC000072318113,0,1,-40,1,0,,,,NT,7.11,Ic1cccc(OCCCn2cc(C3CC3)nn2)c1,Z2614072898,0
509,ZINC000622075832,12893137,246490,-40,0.29,ZINC000040874860,0,1,-40,1,0,,,,NT,-21.86,CC[C@@H](CNc1ccccc1)NC(=O)COCc1nccn1C,Z2661883422,0
510,ZINC000634050549,12876066,246459,-40,0.27,ZINC000064527405,0,1,-40,1,0,,,,NT,5.3,COCC1(C2CC2)CN(C(=O)[C@@H]2Cc3ccccc3S2)C1,Z2783219199,0
511,ZINC000638181743,12880190,246523,-40,0.35,ZINC000043013288,0,1,-40,1,0,,,,NT,30.24,O=C1CN(Cc2cc3c(cn2)OCCO3)CN1Cc1ccccc1,Z2825756779,0
512,ZINC000651403808,12881164,246527,-40,0.21,ZINC000004117348,0,1,-40,1,0,,,,NT,80.06,Cc1cc(C)n(-c2cncc(=N[C@@H](C3CC3)C3CCOCC3)[nH]2)n1,Z2479527877,0
513,ZINC000664868499,12877748,246458,-40,0.27,ZINC000026400639,0,1,-40,1,0,,,,NT,34.75,CC1(C)Cc2n[nH]cc2CN(Cc2csc(C3CC3)n2)C1,Z2617016653,1
514,ZINC000089457144,27923281,345079,-35,0.28,ZINC000095950335,0,1,-35,1,0,,,,NT,-7.19,Cc1c[nH]/c(=N/C(=O)C[C@H](C)Cc2ccc(Cl)cc2)[nH]1,Z1582002695,0
515,ZINC000187809092,27916412,345202,-35,0.4,ZINC000040403803,0,1,-35,1,0,,,,NT,-13.91,O=C(c1ccc(C(F)(F)F)[nH]c1=O)N1CCC(c2ccsc2)CC1,Z1740114123,0
516,ZINC000188511497,27915548,345204,-35,0.33,ZINC000045351516,0,1,-35,1,0,,,,NT,1.94,COC(=O)c1scc(C)c1NS(=O)(=O)c1c[nH]c2cccc(F)c21,Z1764457441,0
517,ZINC000191074433,27927446,345198,-35,0.28,ZINC000084402685,0,1,-35,1,0,,,,NT,0.47,Cn1ncnc1S(=O)(=O)Cc1coc(-c2ccc([N+](=O)[O-])cc2)n1,Z1838001328,0
518,ZINC000273459391,27917879,345055,-35,0.34,ZINC000009379131,0,1,-35,1,0,,,,NT,0.67,O=C(C[C@@H]1CSCCS1)N1CCc2ccncc21,Z1669984488,0
519,ZINC000278136424,27889499,345116,-35,0.26,ZINC000028876331,0,1,-35,1,0,,,,NT,12.79,C[C@H]1C(=O)N(c2ccc3c(c2)OC(F)(F)O3)C(=O)N1C1CC1,Z1891823762,0
520,ZINC000279550867,27895282,345113,-35,0.25,ZINC000029474023,0,1,-35,1,0,,,,NT,3.64,CC[C@@]1(C)Oc2ccc(NCc3ccnn3C(C)C)cc2O1,Z1950531023,0
521,ZINC000301469731,27927621,345215,-35,0.3,ZINC000004333956,0,1,-35,1,0,,,,NT,3.02,N#Cc1cc(NCc2ccon2)cc(NCc2ccon2)c1[N+](=O)[O-],Z1328622921,0
522,ZINC000328901657,27922006,345089,-35,0.23,ZINC000013737879,0,1,-35,1,0,,,,NT,21.77,CC(C)Nc1ccc(/C(O)=N/[C@@H]2CCO[C@H]2C2CC2)cn1,Z1535547888,0
523,ZINC000329362699,27897533,345128,-35,0.23,ZINC000027709218,0,1,-35,1,0,,,,NT,-0.53,O=C(CCN1C(=O)C2(CCCC2)N=C1O)N1CCS(=O)CC1,Z1155503598,0
524,ZINC000329738594,27911199,345150,-35,0.29,ZINC000040406866,0,1,-35,1,0,,,,NT,17.31,CC(=O)N1CCC[C@@H](c2noc([C@@H]3Cc4ccccc4S3)n2)C1,Z1685362901,0
525,ZINC000335302007,27913485,345064,-35,0.36,ZINC000000021403,0,1,-35,1,0,,,,NT,17.99,C[C@H]1CN(Cc2cn3cc(Cl)ccc3n2)S(=O)(=O)C1,Z2365286786,0
526,ZINC000335925353,27917491,345054,-35,0.25,ZINC000169335004,0,1,-35,1,0,,,,NT,-1.38,Cc1cc(C(=O)Nc2ncc(C(F)(F)F)[nH]2)ns1,Z1888217768,0
527,ZINC000346667446,27917296,345084,-35,0.23,ZINC000013537833,0,1,-35,1,0,,,,NT,25.09,Cn1cc(CN=c2[nH][nH]cc2C#N)c(-c2ccncc2)n1,Z2158758901,0
528,ZINC000346805474,27925352,345114,-35,0.32,ZINC000036270590,0,1,-35,1,0,,,,NT,-6.22,CCc1nnc(CNC(=O)C(=O)NCc2ccc(F)cc2)o1,Z2233027064,0
529,ZINC000348588772,27926196,345122,-35,0.25,ZINC000013860595,0,1,-35,1,0,,,,NT,-16.58,O=C1N[C@@H](Cc2cnc[nH]2)C(=O)N1[C@@H]1CSc2ccccc21,Z2086286438,0
530,ZINC000362172677,27899387,345212,-35,0.34,ZINC000013808361,0,1,-35,1,0,,,,NT,-4.55,O=C(Cn1nc2ccccn2c1=O)Nc1nccc(-c2ccco2)n1,Z1737892779,0
531,ZINC000365071023,27896791,345171,-35,0.33,ZINC000013470686,0,1,-35,1,0,,,,NT,5.34,c1ccc(Oc2cccc(NC3CCC4(CCCO4)CC3)c2)nc1,Z1823121553,0
532,ZINC000365129771,27898826,345173,-35,0.33,ZINC000013491743,0,1,-35,1,0,,,,NT,-23,O=C(N[C@@H]1CCN(C(=O)c2ccncc2)C1)c1c[nH]nc1C1CC1,Z1833640298,0
533,ZINC000437356381,27917329,345063,-35,0.2,ZINC000013862256,0,1,-35,1,0,,,,NT,9.92,N#Cc1c[nH]ccc1=NC(=O)CSCc1cscn1,Z1481555499,0
534,ZINC000487051932,27912572,345156,-35,0.33,ZINC000064415798,0,1,-35,1,0,,,,NT,10.77,O=[N+]([O-])c1ccc(S[C@H]2CCOC2)nc1OCc1ccccc1,Z1849812008,0
535,ZINC000540726253,27896596,345167,-35,0.35,ZINC000013703840,0,1,-35,1,0,,,,NT,17.52,Cc1ccc([C@H](Nc2cccc(N3CCOCC3)c2)C2CC2)cc1,Z1607436194,0
536,ZINC000547111210,27902246,345185,-35,0.26,ZINC000020286831,0,1,-35,1,0,,,,NT,-0.09,C[C@]1(c2nc(-c3ccnc(N4CCOCC4)c3)no2)CCCOC1,Z1683981643,0
537,ZINC000548147382,27910975,345211,-35,0.33,ZINC000066112125,0,1,-35,1,0,,,,NT,0.12,CC(=O)N(CCc1ccccc1)CC(=O)Nc1cccc2cc[nH]c21,Z1725486025,0
538,ZINC000594481260,27912309,345160,-35,0.27,ZINC000053122811,0,1,-35,1,0,,,,NT,-1.44,N#Cc1ccc(C2(NS(=O)(=O)CC[C@H]3CCOC3)CCC2)cc1,Z2504455894,0
539,ZINC000616783624,27896982,345186,-35,0.27,ZINC000000404160,0,1,-35,1,0,,,,NT,-5.96,Cn1nncc1C(=O)N[C@@H]1CCCC[C@@H]1NC(=O)c1cnnn1C,Z2642525291,0
540,ZINC000617992931,27906148,345162,-35,0.26,ZINC000026957464,0,1,-35,1,0,,,,NT,-0.91,COC(=O)c1c(C)c(C)sc1NC(=O)N1CCC12CCOCC2,Z1874869254,0
541,ZINC000624061454,27921049,345080,-35,0.25,ZINC000003989048,0,1,-35,1,0,,,,NT,-5.13,Cc1noc(C)c1[C@@H](C)C(=O)Nc1nnc(C2CC2)s1,Z982325082,0
542,ZINC000632070629,27915310,345242,-35,0.34,ZINC000045387915,0,1,-35,1,0,,,,NT,-3.14,CN(C[C@H]1CCOC1)S(=O)(=O)c1cccnc1Oc1ccc(F)cc1,Z2773524542,0
543,ZINC000647880816,27920601,345101,-35,0.26,ZINC000013860597,0,1,-35,1,0,,,,NT,0.38,c1noc2c1cccc2OCc1ncn(-c2ccccc2)n1,Z2234010395,0
544,ZINC000648691433,27918795,345061,-35,0.26,ZINC000049070846,0,1,-35,1,0,,,,NT,9.42,C[C@H]1SCC[C@@H]1NC(=O)C1C[C@H]2CCC[C@@H](C1)C2=O,Z2454632514,0
545,ZINC000651692099,27926746,345169,-35,0.28,ZINC000040898183,0,1,-35,1,0,,,,NT,-6.16,O=C(N=c1[nH]nc2n1CCCC2)c1ccc(-n2ccnc2O)cc1,Z2480582624,0
546,ZINC000655250990,27925070,345115,-35,0.23,ZINC000013860601,0,1,-35,1,0,,,,NT,13.23,Cn1c(O)ncc(C(=O)NCc2nnn(C(C)(C)C)n2)c1=O,Z2500573984,0
547,ZINC000657225886,27891364,345060,-35,0.23,ZINC000045354910,0,1,-35,1,0,,,,NT,-6.87,CC(C)(C)n1cc(CSc2nc(N)nc(N)n2)nn1,Z2588925332,0
548,ZINC000664448457,27921026,345068,-35,0.4,ZINC000000346678,0,1,-35,1,0,,,,NT,6.51,CC1C[C@H]2CC[C@@H](C1)N2C(=O)C(=O)c1ccc(F)cc1,Z2615266005,0
549,ZINC000621433144,96169,611,-57.82¶,0.33,ZINC000000024559,ND,ND,ND,ND,ND,4.32,>10000,>10000,0.18,ND,CC(C)N1C[C@H](C)[C@@H](NC(=O)N2Cc3ccccc3[C@@H]2C)C1,Z3269026405,
550,ZINC000361131264,2654,611,-64.61¶,0.33,ZINC000000024559,ND,ND,ND,ND,ND,72,>10000,>10000,7.31,ND,CC(C)N1C[C@@H](NC(=O)N2Cc3ccccc3[C@@H]2C)[C@H](C)C1,Z3269026402,
551,ZINC000361131265,8599,611,-62.63¶,0.33,ZINC000000024559,ND,ND,ND,ND,ND,185,>10000,>10000,59.1,ND,CC(C)N1C[C@@H](C)[C@@H](NC(=O)N2Cc3ccccc3[C@@H]2C)C1,Z3269026404,
552,ZINC000621433143,1352,611,-65.67¶,0.33,ZINC000000024559,ND,ND,ND,ND,ND,669,>10000,>10000,346,ND,CC(C)N1C[C@H](C)[C@H](NC(=O)N2Cc3ccccc3[C@@H]2C)C1,Z3269026401,